"dec_id","rd_ids","ex_ids","decision","name","status","created_at_utc","updated_at_utc","file","novice_summary","next_action"
"DEC-20260605T115651Z-main-SYS0","","","accept","研究库V2架构立项通过","active","2026-06-05T11:56:51Z","2026-06-05T11:56:51Z","05_研究决策/DEC-20260605T115651Z-main-SYS0_研究库V2架构立项通过.md","新研究库采用方向-实验-决策-台账结构并与平台分工","后续研究按新规范创建资产"
"DEC-20260605T115651Z-main-DP00","RD-20260605T115651Z-main-DP00;RD-20260605T115651Z-main-OFF0;RD-20260605T115651Z-main-CORE;RD-20260605T115651Z-main-DEF0;RD-20260605T115651Z-main-EXE0","EX-20260605T115651Z-main-BASE","accept","双池轮动拆分为策略方向与模块子方向","active","2026-06-05T11:56:51Z","2026-06-05T11:56:51Z","05_研究决策/DEC-20260605T115651Z-main-DP00_双池轮动拆分为策略方向与模块子方向.md","双池轮动作为父方向，进攻、核心、防御、执行作为可独立研究的子方向","先盘点已有资产再进入模块实验"
"DEC-20260607T125847Z-main-WQ8R","RD-20260605T133318Z-main-H6V3","EX-20260607T103055Z-main-K3AC","promote_candidate","K3AC同成本通过后A22优先于A23决策","active","2026-06-07T12:58:47Z","2026-06-07T18:52:23Z","05_研究决策/DEC-20260607T125847Z-main-WQ8R_K3AC同成本通过后A22优先于A23决策.md","K3AC strict 12/12通过；A22/A23同成本均优于hard5，但A23相对A22仅多34.93且2025小幅落后，A22 cap70成为hard5替代研究首选挑战者","后续A22原生字段、日志日期和forward/shadow工程边界已由A22N/EKZ8/QTFV/HH4B收口；默认继续hard5，不扩A23换手约束。"
"DEC-20260607T151252Z-main-A22N","RD-20260605T133318Z-main-H6V3","EX-20260607T131209Z-main-A22N","promote_engineering","A22原生字段等价通过后工程化决策","active","2026-06-07T15:12:52Z","2026-06-07T18:52:23Z","05_研究决策/DEC-20260607T151252Z-main-A22N_A22原生字段等价通过后工程化决策.md","A22 cap70旧A13字段表达与原生A22字段表达在4段完全等价，可推进字段和日志清理，但不能直接上线替代hard5","后续EKZ8日志日期审计和QTFV forward/shadow边界验证已通过；HH4B只允许默认关闭观察，默认继续hard5。"
"DEC-20260607T185223Z-main-HH4B","RD-20260605T133318Z-main-H6V3","EX-20260607T154134Z-main-QTFV","observe","A22原生forward shadow边界通过后观察决策","active","2026-06-07T18:52:23Z","2026-06-07T18:52:23Z","05_研究决策/DEC-20260607T185223Z-main-HH4B_A22原生forward shadow边界通过后观察决策.md","QTFV strict 12/12通过，native live四段完全复现A22N，shadow_on/off四段交易产物hash全一致且orders_changed=0，双开guard 4/4检出；允许A22默认关闭观察，不允许生产promote。","保持A22 shadow默认关闭；若继续推进，必须新开生产前forward/未来函数门禁；默认hard5不变。"
"DEC-20260529T000000Z-mig-D20260529R014REVISEBUCKE4EB82","RD-20260605T115651Z-main-DP00","","migrated_unverified","D20260529-R014 阴跌分桶过滤修订","migrated_unverified","2026-06-05T12:00:00Z","2026-06-05T12:00:00Z","05_研究决策\DEC-20260529T000000Z-mig-D20260529R014REVISEBUCKE4EB82_D20260529-R014阴跌分桶过滤修订.md","旧库迁移决策，待复核后才能影响新库路线","复核证据链和边界"
"DEC-20260530T000000Z-mig-D20260530R015KILLEXTERNAB7687","RD-20260605T115651Z-main-DP00","","migrated_unverified","D20260530-R015 外部 510300 开关证伪","migrated_unverified","2026-06-05T12:00:00Z","2026-06-05T12:00:00Z","05_研究决策\DEC-20260530T000000Z-mig-D20260530R015KILLEXTERNAB7687_D20260530-R015外部510300开关证伪.md","旧库迁移决策，待复核后才能影响新库路线","复核证据链和边界"
"DEC-20260607T032202Z-main-NQHF","RD-20260603T000000Z-mig-HD5EEBAA8D5EEB","EX-20260607T024332Z-main-UC3P","revise","变种小狮子涨停基因小市值验证后修订","active","2026-06-07T03:22:02Z","2026-06-07T03:22:00Z","05_研究决策/DEC-20260607T032202Z-main-NQHF_变种小狮子涨停基因小市值验证后修订.md","不推进原社区完整策略；保留历史涨停次数小市值池作为修订主线","新建涨停次数、低换手延迟确认、环境门控、退市容量过滤和分钟级执行复刻实验"
"DEC-20260601T000000Z-mig-D20260601B3GATEOFFLINEOBC62D6","RD-20260605T115651Z-main-DP00","","migrated_unverified","D20260601-B3-gate 离线观察复盘聚焦误拦截与漏报","migrated_unverified","2026-06-05T12:00:00Z","2026-06-05T12:00:00Z","05_研究决策\DEC-20260601T000000Z-mig-D20260601B3GATEOFFLINEOBC62D6_D20260601-B3-gate离线观察复盘聚焦误拦截与漏报.md","旧库迁移决策，待复核后才能影响新库路线","复核证据链和边界"
"DEC-20260601T000000Z-mig-D20260601B3GATEBLOCKEDLO7478C","RD-20260605T115651Z-main-DP00","","migrated_unverified","D20260601-B3-gate 误拦截 Top1 斜率放松 2024 压力测试通过","migrated_unverified","2026-06-05T12:00:00Z","2026-06-05T12:00:00Z","05_研究决策\DEC-20260601T000000Z-mig-D20260601B3GATEBLOCKEDLO7478C_D20260601-B3-gate误拦截Top1斜率放松2024压力测试通过.md","旧库迁移决策，待复核后才能影响新库路线","复核证据链和边界"
"DEC-20260601T000000Z-mig-D20260601B3GATEBLOCKEDLOEB885","RD-20260605T115651Z-main-DP00","","migrated_unverified","D20260601-B3-gate 误拦截 Top1 斜率放松进入预注册","migrated_unverified","2026-06-05T12:00:00Z","2026-06-05T12:00:00Z","05_研究决策\DEC-20260601T000000Z-mig-D20260601B3GATEBLOCKEDLOEB885_D20260601-B3-gate误拦截Top1斜率放松进入预注册.md","旧库迁移决策，待复核后才能影响新库路线","复核证据链和边界"
"DEC-20260601T000000Z-mig-D20260601MINIQMTV18DEFAUB22E2","RD-20260605T115651Z-main-DP00","","migrated_unverified","D20260601-MiniQMT v18 默认关闭映射","migrated_unverified","2026-06-05T12:00:00Z","2026-06-05T12:00:00Z","05_研究决策\DEC-20260601T000000Z-mig-D20260601MINIQMTV18DEFAUB22E2_D20260601-MiniQMTv18默认关闭映射.md","旧库迁移决策，待复核后才能影响新库路线","复核证据链和边界"
"DEC-20260601T000000Z-mig-D20260601R010B3CAP90PREA4C3BC","RD-20260605T115651Z-main-DP00","","migrated_unverified","D20260601-R010B3 cap90 进入组合前审计","migrated_unverified","2026-06-05T12:00:00Z","2026-06-05T12:00:00Z","05_研究决策\DEC-20260601T000000Z-mig-D20260601R010B3CAP90PREA4C3BC_D20260601-R010B3cap90进入组合前审计.md","旧库迁移决策，待复核后才能影响新库路线","复核证据链和边界"
"DEC-20260601T000000Z-mig-D20260601R010B3GATEPROMO642D2","RD-20260605T115651Z-main-DP00","","migrated_unverified","D20260601-R010B3 gate 成为当前主候选","migrated_unverified","2026-06-05T12:00:00Z","2026-06-05T12:00:00Z","05_研究决策\DEC-20260601T000000Z-mig-D20260601R010B3GATEPROMO642D2_D20260601-R010B3gate成为当前主候选.md","旧库迁移决策，待复核后才能影响新库路线","复核证据链和边界"
"DEC-20260601T000000Z-mig-D20260601R010B3LIMITED2REC37B","RD-20260605T115651Z-main-DP00","","migrated_unverified","D20260601-R010B3 limited2 低扰动不直接采纳","migrated_unverified","2026-06-05T12:00:00Z","2026-06-05T12:00:00Z","05_研究决策\DEC-20260601T000000Z-mig-D20260601R010B3LIMITED2REC37B_D20260601-R010B3limited2低扰动不直接采纳.md","旧库迁移决策，待复核后才能影响新库路线","复核证据链和边界"
"DEC-20260601T000000Z-mig-D20260601R010B4B3GATEF57BE","RD-20260605T115651Z-main-DP00","","migrated_unverified","D20260601-R010B4 B3Gate强度分层进入预注册","migrated_unverified","2026-06-05T12:00:00Z","2026-06-05T12:00:00Z","05_研究决策\DEC-20260601T000000Z-mig-D20260601R010B4B3GATEF57BE_D20260601-R010B4B3Gate强度分层进入预注册.md","旧库迁移决策，待复核后才能影响新库路线","复核证据链和边界"
"DEC-20260601T000000Z-mig-D20260601R010B4TIEREDV2B1C7E","RD-20260605T115651Z-main-DP00","","migrated_unverified","D20260601-R010B4 tiered-v2进入预注册","migrated_unverified","2026-06-05T12:00:00Z","2026-06-05T12:00:00Z","05_研究决策\DEC-20260601T000000Z-mig-D20260601R010B4TIEREDV2B1C7E_D20260601-R010B4tiered-v2进入预注册.md","旧库迁移决策，待复核后才能影响新库路线","复核证据链和边界"
"DEC-20260601T000000Z-mig-D20260601R010B4TIEREDV2L9DDC1","RD-20260605T115651Z-main-DP00","","migrated_unverified","D20260601-R010B4 tiered-v2默认关闭映射完成","migrated_unverified","2026-06-05T12:00:00Z","2026-06-05T12:00:00Z","05_研究决策\DEC-20260601T000000Z-mig-D20260601R010B4TIEREDV2L9DDC1_D20260601-R010B4tiered-v2默认关闭映射完成.md","旧库迁移决策，待复核后才能影响新库路线","复核证据链和边界"
"DEC-20260601T000000Z-mig-D20260601R010B4TIEREDV2S2C942","RD-20260605T115651Z-main-DP00","","migrated_unverified","D20260601-R010B4 tiered-v2四段验证通过","migrated_unverified","2026-06-05T12:00:00Z","2026-06-05T12:00:00Z","05_研究决策\DEC-20260601T000000Z-mig-D20260601R010B4TIEREDV2S2C942_D20260601-R010B4tiered-v2四段验证通过.md","旧库迁移决策，待复核后才能影响新库路线","复核证据链和边界"
"DEC-20260601T000000Z-mig-D20260601R010B4TIEREDV2S038BC","RD-20260605T115651Z-main-DP00","","migrated_unverified","D20260601-R010B4 tiered-v2影子观察方案建立","migrated_unverified","2026-06-05T12:00:00Z","2026-06-05T12:00:00Z","05_研究决策\DEC-20260601T000000Z-mig-D20260601R010B4TIEREDV2S038BC_D20260601-R010B4tiered-v2影子观察方案建立.md","旧库迁移决策，待复核后才能影响新库路线","复核证据链和边界"
"DEC-20260601T000000Z-mig-D20260601R026BLIGHTCAP90830A7","RD-20260605T115651Z-main-DP00","","migrated_unverified","D20260601-R026B-light-cap90 进入预注册","migrated_unverified","2026-06-05T12:00:00Z","2026-06-05T12:00:00Z","05_研究决策\DEC-20260601T000000Z-mig-D20260601R026BLIGHTCAP90830A7_D20260601-R026B-light-cap90进入预注册.md","旧库迁移决策，待复核后才能影响新库路线","复核证据链和边界"
"DEC-20260601T000000Z-mig-D20260601R026BLIGHTCAP90731A7","RD-20260605T115651Z-main-DP00","","migrated_unverified","D20260601-R026B-light-cap90 首段反证","migrated_unverified","2026-06-05T12:00:00Z","2026-06-05T12:00:00Z","05_研究决策\DEC-20260601T000000Z-mig-D20260601R026BLIGHTCAP90731A7_D20260601-R026B-light-cap90首段反证.md","旧库迁移决策，待复核后才能影响新库路线","复核证据链和边界"
"DEC-20260601T000000Z-mig-D20260601R026STRICTMARKEFD93C","RD-20260605T115651Z-main-DP00","","migrated_unverified","D20260601-R026 strict_marker_only","migrated_unverified","2026-06-05T12:00:00Z","2026-06-05T12:00:00Z","05_研究决策\DEC-20260601T000000Z-mig-D20260601R026STRICTMARKEFD93C_D20260601-R026strict_marker_only.md","旧库迁移决策，待复核后才能影响新库路线","复核证据链和边界"
"DEC-20260602T000000Z-mig-D20260602A2SLOPE004LIVED479C7","RD-20260605T115651Z-main-DP00","","migrated_unverified","D20260602-A2-slope004 实盘默认行为回归通过","migrated_unverified","2026-06-05T12:00:00Z","2026-06-05T12:00:00Z","05_研究决策\DEC-20260602T000000Z-mig-D20260602A2SLOPE004LIVED479C7_D20260602-A2-slope004实盘默认行为回归通过.md","旧库迁移决策，待复核后才能影响新库路线","复核证据链和边界"
"DEC-20260602T000000Z-mig-D20260602B3GATEBLOCKEDLOD63E8","RD-20260605T115651Z-main-DP00","","migrated_unverified","D20260602-B3-gate 误拦截 Top1 斜率放松四段压力测试完成","migrated_unverified","2026-06-05T12:00:00Z","2026-06-05T12:00:00Z","05_研究决策\DEC-20260602T000000Z-mig-D20260602B3GATEBLOCKEDLOD63E8_D20260602-B3-gate误拦截Top1斜率放松四段压力测试完成.md","旧库迁移决策，待复核后才能影响新库路线","复核证据链和边界"
"DEC-20260602T000000Z-mig-D20260602B3GATEBLOCKEDLO88061","RD-20260605T115651Z-main-DP00","","migrated_unverified","D20260602-B3-gate 误拦截 Top1 斜率放松误伤归因完成","migrated_unverified","2026-06-05T12:00:00Z","2026-06-05T12:00:00Z","05_研究决策\DEC-20260602T000000Z-mig-D20260602B3GATEBLOCKEDLO88061_D20260602-B3-gate误拦截Top1斜率放松误伤归因完成.md","旧库迁移决策，待复核后才能影响新库路线","复核证据链和边界"
"DEC-20260602T000000Z-mig-D20260602M001INPUTINVENT184B9","RD-20260605T115651Z-main-DP00","","migrated_unverified","D20260602-M001 多策略状态归因输入清单审计完成","migrated_unverified","2026-06-05T12:00:00Z","2026-06-05T12:00:00Z","05_研究决策\DEC-20260602T000000Z-mig-D20260602M001INPUTINVENT184B9_D20260602-M001多策略状态归因输入清单审计完成.md","旧库迁移决策，待复核后才能影响新库路线","复核证据链和边界"
"DEC-20260602T000000Z-mig-D20260602M002ETFFAMILYST9075B","RD-20260605T115651Z-main-DP00","","migrated_unverified","D20260602-M002 ETF族状态归因首轮完成","migrated_unverified","2026-06-05T12:00:00Z","2026-06-05T12:00:00Z","05_研究决策\DEC-20260602T000000Z-mig-D20260602M002ETFFAMILYST9075B_D20260602-M002ETF族状态归因首轮完成.md","旧库迁移决策，待复核后才能影响新库路线","复核证据链和边界"
"DEC-20260602T000000Z-mig-D20260602M003NONETFEQUITD2ACA","RD-20260605T115651Z-main-DP00","","migrated_unverified","D20260602-M003 非ETF可比净值候选发现完成","migrated_unverified","2026-06-05T12:00:00Z","2026-06-05T12:00:00Z","05_研究决策\DEC-20260602T000000Z-mig-D20260602M003NONETFEQUITD2ACA_D20260602-M003非ETF可比净值候选发现完成.md","旧库迁移决策，待复核后才能影响新库路线","复核证据链和边界"
"DEC-20260602T000000Z-mig-D20260602M004NONETFCONFI00E8E","RD-20260605T115651Z-main-DP00","","migrated_unverified","D20260602-M004 非ETF候选配置审计完成","migrated_unverified","2026-06-05T12:00:00Z","2026-06-05T12:00:00Z","05_研究决策\DEC-20260602T000000Z-mig-D20260602M004NONETFCONFI00E8E_D20260602-M004非ETF候选配置审计完成.md","旧库迁移决策，待复核后才能影响新库路线","复核证据链和边界"
"DEC-20260602T000000Z-mig-D20260602M004NONETFFULLC2EA04","RD-20260605T115651Z-main-DP00","","migrated_unverified","D20260602-M004 非ETF全周期基准净值补齐进入预注册","migrated_unverified","2026-06-05T12:00:00Z","2026-06-05T12:00:00Z","05_研究决策\DEC-20260602T000000Z-mig-D20260602M004NONETFFULLC2EA04_D20260602-M004非ETF全周期基准净值补齐进入预注册.md","旧库迁移决策，待复核后才能影响新库路线","复核证据链和边界"
"DEC-20260602T000000Z-mig-D20260602M004SMALLCAP2024A2C0","RD-20260605T115651Z-main-DP00","","migrated_unverified","D20260602-M004 小市值2024Smoke通过需时点审计","migrated_unverified","2026-06-05T12:00:00Z","2026-06-05T12:00:00Z","05_研究决策\DEC-20260602T000000Z-mig-D20260602M004SMALLCAP2024A2C0_D20260602-M004小市值2024Smoke通过需时点审计.md","旧库迁移决策，待复核后才能影响新库路线","复核证据链和边界"
"DEC-20260602T000000Z-mig-D20260602M004SMALLCAPFUL77136","RD-20260605T115651Z-main-DP00","","migrated_unverified","D20260602-M004 小市值全周期配置DryRun通过","migrated_unverified","2026-06-05T12:00:00Z","2026-06-05T12:00:00Z","05_研究决策\DEC-20260602T000000Z-mig-D20260602M004SMALLCAPFUL77136_D20260602-M004小市值全周期配置DryRun通过.md","旧库迁移决策，待复核后才能影响新库路线","复核证据链和边界"
"DEC-20260602T000000Z-mig-D20260602M004SMALLCAPTIMDB48C","RD-20260605T115651Z-main-DP00","","migrated_unverified","D20260602-M004 小市值时点审计通过进入四段预注册","migrated_unverified","2026-06-05T12:00:00Z","2026-06-05T12:00:00Z","05_研究决策\DEC-20260602T000000Z-mig-D20260602M004SMALLCAPTIMDB48C_D20260602-M004小市值时点审计通过进入四段预注册.md","旧库迁移决策，待复核后才能影响新库路线","复核证据链和边界"
"DEC-20260602T000000Z-mig-D20260602M004SMALLCAPSPL015DC","RD-20260605T115651Z-main-DP00","","migrated_unverified","D20260602-M004 小市值四段长测通过进入状态归因预注册","migrated_unverified","2026-06-05T12:00:00Z","2026-06-05T12:00:00Z","05_研究决策\DEC-20260602T000000Z-mig-D20260602M004SMALLCAPSPL015DC_D20260602-M004小市值四段长测通过进入状态归因预注册.md","旧库迁移决策，待复核后才能影响新库路线","复核证据链和边界"
"DEC-20260602T000000Z-mig-D20260602M004SMALLCAPSPL9FBD4","RD-20260605T115651Z-main-DP00","","migrated_unverified","D20260602-M004 小市值四段长测预注册完成","migrated_unverified","2026-06-05T12:00:00Z","2026-06-05T12:00:00Z","05_研究决策\DEC-20260602T000000Z-mig-D20260602M004SMALLCAPSPL9FBD4_D20260602-M004小市值四段长测预注册完成.md","旧库迁移决策，待复核后才能影响新库路线","复核证据链和边界"
"DEC-20260602T000000Z-mig-D20260602M004SMALLCAPSTAFB76F","RD-20260605T115651Z-main-DP00","","migrated_unverified","D20260602-M004 小市值状态归因首轮完成","migrated_unverified","2026-06-05T12:00:00Z","2026-06-05T12:00:00Z","05_研究决策\DEC-20260602T000000Z-mig-D20260602M004SMALLCAPSTAFB76F_D20260602-M004小市值状态归因首轮完成.md","旧库迁移决策，待复核后才能影响新库路线","复核证据链和边界"
"DEC-20260602T000000Z-mig-D20260602M004SMALLCAPSTAFB011","RD-20260605T115651Z-main-DP00","","migrated_unverified","D20260602-M004 小市值状态归因预注册完成","migrated_unverified","2026-06-05T12:00:00Z","2026-06-05T12:00:00Z","05_研究决策\DEC-20260602T000000Z-mig-D20260602M004SMALLCAPSTAFB011_D20260602-M004小市值状态归因预注册完成.md","旧库迁移决策，待复核后才能影响新库路线","复核证据链和边界"
"DEC-20260602T000000Z-mig-D20260602M005SMALLCAPLAB3F545","RD-20260605T115651Z-main-DP00","","migrated_unverified","D20260602-M005 小盘专用状态标签输入审计首轮完成","migrated_unverified","2026-06-05T12:00:00Z","2026-06-05T12:00:00Z","05_研究决策\DEC-20260602T000000Z-mig-D20260602M005SMALLCAPLAB3F545_D20260602-M005小盘专用状态标签输入审计首轮完成.md","旧库迁移决策，待复核后才能影响新库路线","复核证据链和边界"
"DEC-20260602T000000Z-mig-D20260602M005SMALLCAPSPE1F743","RD-20260605T115651Z-main-DP00","","migrated_unverified","D20260602-M005 小盘专用状态标签预注册完成","migrated_unverified","2026-06-05T12:00:00Z","2026-06-05T12:00:00Z","05_研究决策\DEC-20260602T000000Z-mig-D20260602M005SMALLCAPSPE1F743_D20260602-M005小盘专用状态标签预注册完成.md","旧库迁移决策，待复核后才能影响新库路线","复核证据链和边界"
"DEC-20260602T000000Z-mig-D20260602M006SMALLCAPSCHED45E","RD-20260605T115651Z-main-DP00","","migrated_unverified","D20260602-M006 小盘 SchemaOnly 指标覆盖率审计首轮完成","migrated_unverified","2026-06-05T12:00:00Z","2026-06-05T12:00:00Z","05_研究决策\DEC-20260602T000000Z-mig-D20260602M006SMALLCAPSCHED45E_D20260602-M006小盘SchemaOnly指标覆盖率审计首轮完成.md","旧库迁移决策，待复核后才能影响新库路线","复核证据链和边界"
"DEC-20260602T000000Z-mig-D20260602M006SMALLCAPSCH7C4F0","RD-20260605T115651Z-main-DP00","","migrated_unverified","D20260602-M006 小盘 SchemaOnly 指标覆盖率审计预注册完成","migrated_unverified","2026-06-05T12:00:00Z","2026-06-05T12:00:00Z","05_研究决策\DEC-20260602T000000Z-mig-D20260602M006SMALLCAPSCH7C4F0_D20260602-M006小盘SchemaOnly指标覆盖率审计预注册完成.md","旧库迁移决策，待复核后才能影响新库路线","复核证据链和边界"
"DEC-20260602T000000Z-mig-D20260602M007SMALLCAPLAB3815A","RD-20260605T115651Z-main-DP00","","migrated_unverified","D20260602-M007 小盘专用状态标签构造与 R039 面板归因首轮完成","migrated_unverified","2026-06-05T12:00:00Z","2026-06-05T12:00:00Z","05_研究决策\DEC-20260602T000000Z-mig-D20260602M007SMALLCAPLAB3815A_D20260602-M007小盘专用状态标签构造与R039面板归因首轮完成.md","旧库迁移决策，待复核后才能影响新库路线","复核证据链和边界"
"DEC-20260602T000000Z-mig-D20260602M007SMALLCAPLABACB09","RD-20260605T115651Z-main-DP00","","migrated_unverified","D20260602-M007 小盘专用状态标签构造与 R039 面板归因预注册完成","migrated_unverified","2026-06-05T12:00:00Z","2026-06-05T12:00:00Z","05_研究决策\DEC-20260602T000000Z-mig-D20260602M007SMALLCAPLABACB09_D20260602-M007小盘专用状态标签构造与R039面板归因预注册完成.md","旧库迁移决策，待复核后才能影响新库路线","复核证据链和边界"
"DEC-20260602T000000Z-mig-D20260602R010B2A2SECONDLF0342","RD-20260605T115651Z-main-DP00","","migrated_unverified","D20260602-R010B2 A2二级观察门控仅收益修补观察","migrated_unverified","2026-06-05T12:00:00Z","2026-06-05T12:00:00Z","05_研究决策\DEC-20260602T000000Z-mig-D20260602R010B2A2SECONDLF0342_D20260602-R010B2A2二级观察门控仅收益修补观察.md","旧库迁移决策，待复核后才能影响新库路线","复核证据链和边界"
"DEC-20260602T000000Z-mig-D20260602R010B4TIEREDV2L1E7FB","RD-20260605T115651Z-main-DP00","","migrated_unverified","D20260602-R010B4 tiered-v2实盘启用","migrated_unverified","2026-06-05T12:00:00Z","2026-06-05T12:00:00Z","05_研究决策\DEC-20260602T000000Z-mig-D20260602R010B4TIEREDV2L1E7FB_D20260602-R010B4tiered-v2实盘启用.md","旧库迁移决策，待复核后才能影响新库路线","复核证据链和边界"
"DEC-20260602T000000Z-mig-D20260602R010B5R1NONLINEF8DDA","RD-20260605T115651Z-main-DP00","","migrated_unverified","D20260602-R010B5R1 非线性组合回撤预算代理审计通过","migrated_unverified","2026-06-05T12:00:00Z","2026-06-05T12:00:00Z","05_研究决策\DEC-20260602T000000Z-mig-D20260602R010B5R1NONLINEF8DDA_D20260602-R010B5R1非线性组合回撤预算代理审计通过.md","旧库迁移决策，待复核后才能影响新库路线","复核证据链和边界"
"DEC-20260602T000000Z-mig-D20260602R010B5R2FOURSEG7D2AC","RD-20260605T115651Z-main-DP00","","migrated_unverified","D20260602-R010B5R2 非线性回撤预算四段真实路径验证通过","migrated_unverified","2026-06-05T12:00:00Z","2026-06-05T12:00:00Z","05_研究决策\DEC-20260602T000000Z-mig-D20260602R010B5R2FOURSEG7D2AC_D20260602-R010B5R2非线性回撤预算四段真实路径验证通过.md","旧库迁移决策，待复核后才能影响新库路线","复核证据链和边界"
"DEC-20260602T000000Z-mig-D20260602R010B5R2TRUEPATA762D","RD-20260605T115651Z-main-DP00","","migrated_unverified","D20260602-R010B5R2 非线性回撤预算真实路径2024 Smoke通过","migrated_unverified","2026-06-05T12:00:00Z","2026-06-05T12:00:00Z","05_研究决策\DEC-20260602T000000Z-mig-D20260602R010B5R2TRUEPATA762D_D20260602-R010B5R2非线性回撤预算真实路径2024Smoke通过.md","旧库迁移决策，待复核后才能影响新库路线","复核证据链和边界"
"DEC-20260602T000000Z-mig-D20260602R010B5R3PARTIAL43303","RD-20260605T115651Z-main-DP00","","migrated_unverified","D20260602-R010B5R3 部分替代边界定义","migrated_unverified","2026-06-05T12:00:00Z","2026-06-05T12:00:00Z","05_研究决策\DEC-20260602T000000Z-mig-D20260602R010B5R3PARTIAL43303_D20260602-R010B5R3部分替代边界定义.md","旧库迁移决策，待复核后才能影响新库路线","复核证据链和边界"
"DEC-20260602T000000Z-mig-D20260602R010B5R3SENSITI27753","RD-20260605T115651Z-main-DP00","","migrated_unverified","D20260602-R010B5R3 参数敏感性与成本扰动2024Smoke通过","migrated_unverified","2026-06-05T12:00:00Z","2026-06-05T12:00:00Z","05_研究决策\DEC-20260602T000000Z-mig-D20260602R010B5R3SENSITI27753_D20260602-R010B5R3参数敏感性与成本扰动2024Smoke通过.md","旧库迁移决策，待复核后才能影响新库路线","复核证据链和边界"
"DEC-20260602T000000Z-mig-D20260602R010B5R3SENSITI8D8AD","RD-20260605T115651Z-main-DP00","","migrated_unverified","D20260602-R010B5R3 参数敏感性与成本扰动预注册完成","migrated_unverified","2026-06-05T12:00:00Z","2026-06-05T12:00:00Z","05_研究决策\DEC-20260602T000000Z-mig-D20260602R010B5R3SENSITI8D8AD_D20260602-R010B5R3参数敏感性与成本扰动预注册完成.md","旧库迁移决策，待复核后才能影响新库路线","复核证据链和边界"
"DEC-20260602T000000Z-mig-D20260602R010B5R3FOURSEG046CD","RD-20260605T115651Z-main-DP00","","migrated_unverified","D20260602-R010B5R3 四段敏感性与成本扰动通过","migrated_unverified","2026-06-05T12:00:00Z","2026-06-05T12:00:00Z","05_研究决策\DEC-20260602T000000Z-mig-D20260602R010B5R3FOURSEG046CD_D20260602-R010B5R3四段敏感性与成本扰动通过.md","旧库迁移决策，待复核后才能影响新库路线","复核证据链和边界"
"DEC-20260602T000000Z-mig-D20260602R010B5R4SHADOWO5E0B7","RD-20260605T115651Z-main-DP00","","migrated_unverified","D20260602-R010B5R4 默认关闭影子观察预注册完成","migrated_unverified","2026-06-05T12:00:00Z","2026-06-05T12:00:00Z","05_研究决策\DEC-20260602T000000Z-mig-D20260602R010B5R4SHADOWO5E0B7_D20260602-R010B5R4默认关闭影子观察预注册完成.md","旧库迁移决策，待复核后才能影响新库路线","复核证据链和边界"
"DEC-20260602T000000Z-mig-D20260602R010B5R4FIELDAU83966","RD-20260605T115651Z-main-DP00","","migrated_unverified","D20260602-R010B5R4 平台字段审计首轮完成","migrated_unverified","2026-06-05T12:00:00Z","2026-06-05T12:00:00Z","05_研究决策\DEC-20260602T000000Z-mig-D20260602R010B5R4FIELDAU83966_D20260602-R010B5R4平台字段审计首轮完成.md","旧库迁移决策，待复核后才能影响新库路线","复核证据链和边界"
"DEC-20260602T000000Z-mig-D20260602R010B5R4SHADOWL49DD5","RD-20260605T115651Z-main-DP00","","migrated_unverified","D20260602-R010B5R4 影子日志2024 Smoke通过","migrated_unverified","2026-06-05T12:00:00Z","2026-06-05T12:00:00Z","05_研究决策\DEC-20260602T000000Z-mig-D20260602R010B5R4SHADOWL49DD5_D20260602-R010B5R4影子日志2024Smoke通过.md","旧库迁移决策，待复核后才能影响新库路线","复核证据链和边界"
"DEC-20260602T000000Z-mig-D20260602R010B5DRAWDOWNB19A21","RD-20260605T115651Z-main-DP00","","migrated_unverified","D20260602-R010B5 组合回撤预算动态缩放代理审计完成","migrated_unverified","2026-06-05T12:00:00Z","2026-06-05T12:00:00Z","05_研究决策\DEC-20260602T000000Z-mig-D20260602R010B5DRAWDOWNB19A21_D20260602-R010B5组合回撤预算动态缩放代理审计完成.md","旧库迁移决策，待复核后才能影响新库路线","复核证据链和边界"
"DEC-20260602T000000Z-mig-D20260602R010C1A0EXHAUSTA7485","RD-20260605T115651Z-main-DP00","","migrated_unverified","D20260602-R010C1 A0失速预警仅日志层","migrated_unverified","2026-06-05T12:00:00Z","2026-06-05T12:00:00Z","05_研究决策\DEC-20260602T000000Z-mig-D20260602R010C1A0EXHAUSTA7485_D20260602-R010C1A0失速预警仅日志层.md","旧库迁移决策，待复核后才能影响新库路线","复核证据链和边界"
"DEC-20260602T000000Z-mig-D20260602R020A2021GAPWAT86395","RD-20260605T115651Z-main-DP00","","migrated_unverified","D20260602-R020A 2021慢性失速只读标签审计完成","migrated_unverified","2026-06-05T12:00:00Z","2026-06-05T12:00:00Z","05_研究决策\DEC-20260602T000000Z-mig-D20260602R020A2021GAPWAT86395_D20260602-R020A2021慢性失速只读标签审计完成.md","旧库迁移决策，待复核后才能影响新库路线","复核证据链和边界"
"DEC-20260602T000000Z-mig-D20260602R020AWATCHLABEL145E6","RD-20260605T115651Z-main-DP00","","migrated_unverified","D20260602-R020A 只读标签外推审计后降为案例标签","migrated_unverified","2026-06-05T12:00:00Z","2026-06-05T12:00:00Z","05_研究决策\DEC-20260602T000000Z-mig-D20260602R020AWATCHLABEL145E6_D20260602-R020A只读标签外推审计后降为案例标签.md","旧库迁移决策，待复核后才能影响新库路线","复核证据链和边界"
"DEC-20260602T000000Z-mig-D20260602R020B3COVERAGEGDF624","RD-20260605T115651Z-main-DP00","","migrated_unverified","D20260602-R020 B3 覆盖率缺口复盘完成","migrated_unverified","2026-06-05T12:00:00Z","2026-06-05T12:00:00Z","05_研究决策\DEC-20260602T000000Z-mig-D20260602R020B3COVERAGEGDF624_D20260602-R020B3覆盖率缺口复盘完成.md","旧库迁移决策，待复核后才能影响新库路线","复核证据链和边界"
"DEC-20260602T000000Z-mig-D20260602R020BSINGLELABE2D8E2","RD-20260605T115651Z-main-DP00","","migrated_unverified","D20260602-R020B 单项标签拆解后仅保留诊断词典","migrated_unverified","2026-06-05T12:00:00Z","2026-06-05T12:00:00Z","05_研究决策\DEC-20260602T000000Z-mig-D20260602R020BSINGLELABE2D8E2_D20260602-R020B单项标签拆解后仅保留诊断词典.md","旧库迁移决策，待复核后才能影响新库路线","复核证据链和边界"
"DEC-20260603T000000Z-mig-D20260603R010B5R4SHADOWFE1B67","RD-20260605T115651Z-main-DP00","","migrated_unverified","D20260603-R010B5R4 四段Shadow审计通过事件代理观察中","migrated_unverified","2026-06-05T12:00:00Z","2026-06-05T12:00:00Z","05_研究决策\DEC-20260603T000000Z-mig-D20260603R010B5R4SHADOWFE1B67_D20260603-R010B5R4四段Shadow审计通过事件代理观察中.md","旧库迁移决策，待复核后才能影响新库路线","复核证据链和边界"
"DEC-20260603T000000Z-mig-D20260603R010B5R5R1FAILU487EB","RD-20260605T115651Z-main-DP00","","migrated_unverified","D20260603-R010B5R5R1 失败归因与公式修订预注册完成","migrated_unverified","2026-06-05T12:00:00Z","2026-06-05T12:00:00Z","05_研究决策\DEC-20260603T000000Z-mig-D20260603R010B5R5R1FAILU487EB_D20260603-R010B5R5R1失败归因与公式修订预注册完成.md","旧库迁移决策，待复核后才能影响新库路线","复核证据链和边界"
"DEC-20260603T000000Z-mig-D20260603R010B5R5R1SUBSE1008B","RD-20260605T115651Z-main-DP00","","migrated_unverified","D20260603-R010B5R5R1 窄条件严格复核观察级完成","migrated_unverified","2026-06-05T12:00:00Z","2026-06-05T12:00:00Z","05_研究决策\DEC-20260603T000000Z-mig-D20260603R010B5R5R1SUBSE1008B_D20260603-R010B5R5R1窄条件严格复核观察级完成.md","旧库迁移决策，待复核后才能影响新库路线","复核证据链和边界"
"DEC-20260603T000000Z-mig-D20260603R010B5R5R2ENVLOF1A70","RD-20260605T115651Z-main-DP00","","migrated_unverified","D20260603 R010B5R5R2 事件环境字段日志补全完成","migrated_unverified","2026-06-05T12:00:00Z","2026-06-05T12:00:00Z","05_研究决策\DEC-20260603T000000Z-mig-D20260603R010B5R5R2ENVLOF1A70_D20260603R010B5R5R2事件环境字段日志补全完成.md","旧库迁移决策，待复核后才能影响新库路线","复核证据链和边界"
"DEC-20260603T000000Z-mig-D20260603R010B5R5R2NEWSH6982C","RD-20260605T115651Z-main-DP00","","migrated_unverified","D20260603 R010B5R5R2 新样本复核与低MedianRet观察","migrated_unverified","2026-06-05T12:00:00Z","2026-06-05T12:00:00Z","05_研究决策\DEC-20260603T000000Z-mig-D20260603R010B5R5R2NEWSH6982C_D20260603R010B5R5R2新样本复核与低MedianRet观察.md","旧库迁移决策，待复核后才能影响新库路线","复核证据链和边界"
"DEC-20260603T000000Z-mig-D20260603R010B5R5R3LOWME6E2D0","RD-20260605T115651Z-main-DP00","","migrated_unverified","D20260603-R010B5R5R3 低MedianRet条件只读复核完成","migrated_unverified","2026-06-05T12:00:00Z","2026-06-05T12:00:00Z","05_研究决策\DEC-20260603T000000Z-mig-D20260603R010B5R5R3LOWME6E2D0_D20260603-R010B5R5R3低MedianRet条件只读复核完成.md","旧库迁移决策，待复核后才能影响新库路线","复核证据链和边界"
"DEC-20260603T000000Z-mig-D20260603R010B5R5R4LOWME395CD","RD-20260605T115651Z-main-DP00","","migrated_unverified","D20260603-R010B5R5R4 低MedianRet样本外复核预注册完成","migrated_unverified","2026-06-05T12:00:00Z","2026-06-05T12:00:00Z","05_研究决策\DEC-20260603T000000Z-mig-D20260603R010B5R5R4LOWME395CD_D20260603-R010B5R5R4低MedianRet样本外复核预注册完成.md","旧库迁移决策，待复核后才能影响新库路线","复核证据链和边界"
"DEC-20260603T000000Z-mig-D20260603R010B5R5COUNTERFCF13","RD-20260605T115651Z-main-DP00","","migrated_unverified","D20260603-R010B5R5 严格Counterfactual审计未通过","migrated_unverified","2026-06-05T12:00:00Z","2026-06-05T12:00:00Z","05_研究决策\DEC-20260603T000000Z-mig-D20260603R010B5R5COUNTERFCF13_D20260603-R010B5R5严格Counterfactual审计未通过.md","旧库迁移决策，待复核后才能影响新库路线","复核证据链和边界"
"DEC-20260603T000000Z-mig-D20260603R010B5R5COUNTER8ACDD","RD-20260605T115651Z-main-DP00","","migrated_unverified","D20260603-R010B5R5 严格Counterfactual预注册完成","migrated_unverified","2026-06-05T12:00:00Z","2026-06-05T12:00:00Z","05_研究决策\DEC-20260603T000000Z-mig-D20260603R010B5R5COUNTER8ACDD_D20260603-R010B5R5严格Counterfactual预注册完成.md","旧库迁移决策，待复核后才能影响新库路线","复核证据链和边界"
"DEC-20260603T000000Z-mig-D20260603R010B5S1FORMULAFC5A7","RD-20260605T115651Z-main-DP00","","migrated_unverified","D20260603-R010B5S1 非线性仓位公式组件映射完成","migrated_unverified","2026-06-05T12:00:00Z","2026-06-05T12:00:00Z","05_研究决策\DEC-20260603T000000Z-mig-D20260603R010B5S1FORMULAFC5A7_D20260603-R010B5S1非线性仓位公式组件映射完成.md","旧库迁移决策，待复核后才能影响新库路线","复核证据链和边界"
"DEC-20260603T000000Z-mig-D20260603R010B5S2COMPONEAA806","RD-20260605T115651Z-main-DP00","","migrated_unverified","D20260603-R010B5S2 波动率项与资金曲线状态组件级只读审计预注册完成","migrated_unverified","2026-06-05T12:00:00Z","2026-06-05T12:00:00Z","05_研究决策\DEC-20260603T000000Z-mig-D20260603R010B5S2COMPONEAA806_D20260603-R010B5S2波动率项与资金曲线状态组件级只读审计预注册完成.md","旧库迁移决策，待复核后才能影响新库路线","复核证据链和边界"
"DEC-20260603T000000Z-mig-D20260603R010B5S3COMPONE981BE","RD-20260605T115651Z-main-DP00","","migrated_unverified","D20260603-R010B5S3 波动率状态与资金曲线修复组件诊断预注册完成","migrated_unverified","2026-06-05T12:00:00Z","2026-06-05T12:00:00Z","05_研究决策\DEC-20260603T000000Z-mig-D20260603R010B5S3COMPONE981BE_D20260603-R010B5S3波动率状态与资金曲线修复组件诊断预注册完成.md","旧库迁移决策，待复核后才能影响新库路线","复核证据链和边界"
"DEC-20260603T000000Z-mig-D20260603R010B5S4FORWARDAB15D","RD-20260605T115651Z-main-DP00","","migrated_unverified","D20260603-R010B5S4 前向样本可用性审计完成","migrated_unverified","2026-06-05T12:00:00Z","2026-06-05T12:00:00Z","05_研究决策\DEC-20260603T000000Z-mig-D20260603R010B5S4FORWARDAB15D_D20260603-R010B5S4前向样本可用性审计完成.md","旧库迁移决策，待复核后才能影响新库路线","复核证据链和边界"
"DEC-20260604T000000Z-mig-D20260604INTRADAY001INTR4FEED","RD-20260605T115651Z-main-DP00","","migrated_unverified","D20260604-INTRADAY-001 日内成交头重脚轻进入执行模型候选","migrated_unverified","2026-06-05T12:00:00Z","2026-06-05T12:00:00Z","05_研究决策\DEC-20260604T000000Z-mig-D20260604INTRADAY001INTR4FEED_D20260604-INTRADAY-001日内成交头重脚轻进入执行模型候选.md","旧库迁移决策，待复核后才能影响新库路线","复核证据链和边界"
"DEC-20260604T000000Z-mig-D20260604INTRADAY002EXEC42370","RD-20260605T115651Z-main-DP00","","migrated_unverified","D20260604-INTRADAY-002 执行窗口容量稳定性反事实进入规则候选","migrated_unverified","2026-06-05T12:00:00Z","2026-06-05T12:00:00Z","05_研究决策\DEC-20260604T000000Z-mig-D20260604INTRADAY002EXEC42370_D20260604-INTRADAY-002执行窗口容量稳定性反事实进入规则候选.md","旧库迁移决策，待复核后才能影响新库路线","复核证据链和边界"
"DEC-20260604T000000Z-mig-D20260604INTRADAY003ETFED8483","RD-20260605T115651Z-main-DP00","","migrated_unverified","D20260604-INTRADAY-003 ETF专项执行窗口进入订单规模分层候选","migrated_unverified","2026-06-05T12:00:00Z","2026-06-05T12:00:00Z","05_研究决策\DEC-20260604T000000Z-mig-D20260604INTRADAY003ETFED8483_D20260604-INTRADAY-003ETF专项执行窗口进入订单规模分层候选.md","旧库迁移决策，待复核后才能影响新库路线","复核证据链和边界"
"DEC-20260604T000000Z-mig-D20260604INTRADAY004ETFDA093F","RD-20260605T115651Z-main-DP00","","migrated_unverified","D20260604-INTRADAY-004 ETF双池买卖时机调整否决","migrated_unverified","2026-06-05T12:00:00Z","2026-06-05T12:00:00Z","05_研究决策\DEC-20260604T000000Z-mig-D20260604INTRADAY004ETFDA093F_D20260604-INTRADAY-004ETF双池买卖时机调整否决.md","旧库迁移决策，待复核后才能影响新库路线","复核证据链和边界"
"DEC-20260604T000000Z-mig-D20260604R010A4R1DEFAULT94761","RD-20260605T115651Z-main-DP00","","migrated_unverified","D20260604-R010A4R1 默认关闭实现审计通过","migrated_unverified","2026-06-05T12:00:00Z","2026-06-05T12:00:00Z","05_研究决策\DEC-20260604T000000Z-mig-D20260604R010A4R1DEFAULT94761_D20260604-R010A4R1默认关闭实现审计通过.md","旧库迁移决策，待复核后才能影响新库路线","复核证据链和边界"
"DEC-20260604T000000Z-mig-D20260604R010A4S22024SMO7A618","RD-20260605T115651Z-main-DP00","","migrated_unverified","D20260604-R010A4S2 2024Smoke无交易边际","migrated_unverified","2026-06-05T12:00:00Z","2026-06-05T12:00:00Z","05_研究决策\DEC-20260604T000000Z-mig-D20260604R010A4S22024SMO7A618_D20260604-R010A4S22024Smoke无交易边际.md","旧库迁移决策，待复核后才能影响新库路线","复核证据链和边界"
"DEC-20260604T000000Z-mig-D20260604R010A4S3SIMPLES1E0EB","RD-20260605T115651Z-main-DP00","","migrated_unverified","D20260604-R010A4S3 简单软排序候选暂不回测","migrated_unverified","2026-06-05T12:00:00Z","2026-06-05T12:00:00Z","05_研究决策\DEC-20260604T000000Z-mig-D20260604R010A4S3SIMPLES1E0EB_D20260604-R010A4S3简单软排序候选暂不回测.md","旧库迁移决策，待复核后才能影响新库路线","复核证据链和边界"
"DEC-20260604T000000Z-mig-D20260604R010A4S4TOP1FAS08CF8","RD-20260605T115651Z-main-DP00","","migrated_unverified","D20260604-R010A4S4 Top1近端衰竭替换候选进入S5","migrated_unverified","2026-06-05T12:00:00Z","2026-06-05T12:00:00Z","05_研究决策\DEC-20260604T000000Z-mig-D20260604R010A4S4TOP1FAS08CF8_D20260604-R010A4S4Top1近端衰竭替换候选进入S5.md","旧库迁移决策，待复核后才能影响新库路线","复核证据链和边界"
"DEC-20260604T000000Z-mig-D20260604R010A4S5OOSREJED236E","RD-20260605T115651Z-main-DP00","","migrated_unverified","D20260604-R010A4S5 OOS否决交易化保留默认关闭","migrated_unverified","2026-06-05T12:00:00Z","2026-06-05T12:00:00Z","05_研究决策\DEC-20260604T000000Z-mig-D20260604R010A4S5OOSREJED236E_D20260604-R010A4S5OOS否决交易化保留默认关闭.md","旧库迁移决策，待复核后才能影响新库路线","复核证据链和边界"
"DEC-20260604T000000Z-mig-D20260604R010A4S5TOP1FAS19CC2","RD-20260605T115651Z-main-DP00","","migrated_unverified","D20260604-R010A4S5 Top1近端衰竭替换进入OOS默认关闭验证","migrated_unverified","2026-06-05T12:00:00Z","2026-06-05T12:00:00Z","05_研究决策\DEC-20260604T000000Z-mig-D20260604R010A4S5TOP1FAS19CC2_D20260604-R010A4S5Top1近端衰竭替换进入OOS默认关闭验证.md","旧库迁移决策，待复核后才能影响新库路线","复核证据链和边界"
"DEC-20260604T000000Z-mig-D20260604R010A4S6ARCHIVEB4BBD","RD-20260605T115651Z-main-DP00","","migrated_unverified","D20260604-R010A4S6 R010A4交易路径归档为只读诊断","migrated_unverified","2026-06-05T12:00:00Z","2026-06-05T12:00:00Z","05_研究决策\DEC-20260604T000000Z-mig-D20260604R010A4S6ARCHIVEB4BBD_D20260604-R010A4S6R010A4交易路径归档为只读诊断.md","旧库迁移决策，待复核后才能影响新库路线","复核证据链和边界"
"DEC-20260604T000000Z-mig-D20260604R010A4SOFTRANKF4520F","RD-20260605T115651Z-main-DP00","","migrated_unverified","D20260604-R010A4 软排序字段实现审计完成","migrated_unverified","2026-06-05T12:00:00Z","2026-06-05T12:00:00Z","05_研究决策\DEC-20260604T000000Z-mig-D20260604R010A4SOFTRANKF4520F_D20260604-R010A4软排序字段实现审计完成.md","旧库迁移决策，待复核后才能影响新库路线","复核证据链和边界"
"DEC-20260604T000000Z-mig-D20260604R010A5A2FILTERTB61F2","RD-20260605T115651Z-main-DP00","","migrated_unverified","D20260604-R010A5 A2过滤层稀薄换仓进入默认关闭Shadow","migrated_unverified","2026-06-05T12:00:00Z","2026-06-05T12:00:00Z","05_研究决策\DEC-20260604T000000Z-mig-D20260604R010A5A2FILTERTB61F2_D20260604-R010A5A2过滤层稀薄换仓进入默认关闭Shadow.md","旧库迁移决策，待复核后才能影响新库路线","复核证据链和边界"
"DEC-20260604T000000Z-mig-D20260604R010A6S3KEEPCURF40D7","RD-20260605T115651Z-main-DP00","","migrated_unverified","D20260604-R010A6S3 保持旧仓失败归因为替代路径错误","migrated_unverified","2026-06-05T12:00:00Z","2026-06-05T12:00:00Z","05_研究决策\DEC-20260604T000000Z-mig-D20260604R010A6S3KEEPCURF40D7_D20260604-R010A6S3保持旧仓失败归因为替代路径错误.md","旧库迁移决策，待复核后才能影响新库路线","复核证据链和边界"
"DEC-20260604T000000Z-mig-D20260604R010A6FILTERTHIF1C3F","RD-20260605T115651Z-main-DP00","","migrated_unverified","D20260604-R010A6 过滤层稀薄保持旧仓2024Smoke否决","migrated_unverified","2026-06-05T12:00:00Z","2026-06-05T12:00:00Z","05_研究决策\DEC-20260604T000000Z-mig-D20260604R010A6FILTERTHIF1C3F_D20260604-R010A6过滤层稀薄保持旧仓2024Smoke否决.md","旧库迁移决策，待复核后才能影响新库路线","复核证据链和边界"
"DEC-20260604T000000Z-mig-D20260604R010A7FILTERTHIE012B","RD-20260605T115651Z-main-DP00","","migrated_unverified","D20260604-R010A7 过滤层稀薄替代目标只读否决","migrated_unverified","2026-06-05T12:00:00Z","2026-06-05T12:00:00Z","05_研究决策\DEC-20260604T000000Z-mig-D20260604R010A7FILTERTHIE012B_D20260604-R010A7过滤层稀薄替代目标只读否决.md","旧库迁移决策，待复核后才能影响新库路线","复核证据链和边界"
"DEC-20260604T000000Z-mig-D20260604R010A8FILTERTHI98CD9","RD-20260605T115651Z-main-DP00","","migrated_unverified","D20260604-R010A8 过滤层稀薄Top2正ret5时Top3替代进入Smoke候选","migrated_unverified","2026-06-05T12:00:00Z","2026-06-05T12:00:00Z","05_研究决策\DEC-20260604T000000Z-mig-D20260604R010A8FILTERTHI98CD9_D20260604-R010A8过滤层稀薄Top2正ret5时Top3替代进入Smoke候选.md","旧库迁移决策，待复核后才能影响新库路线","复核证据链和边界"
"DEC-20260605T000000Z-mig-R010OVERHEAT8BB73","RD-20260605T115651Z-main-DP00","","migrated_unverified","D20260605-OVERHEAT-001 过热拥挤机制保留并拆分职责","migrated_unverified","2026-06-05T12:00:00Z","2026-06-05T12:00:00Z","05_研究决策\DEC-20260605T000000Z-mig-R010OVERHEAT8BB73_D20260605-OVERHEAT-001过热拥挤机制保留并拆分职责.md","旧库迁移决策，待复核后才能影响新库路线","复核证据链和边界"
"DEC-20260605T000000Z-mig-D20260605R010A10A2LOWDIS81A24","RD-20260605T115651Z-main-DP00","","migrated_unverified","D20260605 R010A10 A2 换仓低离散小差距延迟确认进入默认关闭 Shadow 候选","migrated_unverified","2026-06-05T12:00:00Z","2026-06-05T12:00:00Z","05_研究决策\DEC-20260605T000000Z-mig-D20260605R010A10A2LOWDIS81A24_D20260605R010A10A2换仓低离散小差距延迟确认进入默认关闭Shadow候选.md","旧库迁移决策，待复核后才能影响新库路线","复核证据链和边界"
"DEC-20260605T000000Z-mig-D20260605R010A10S1SHADOW67360","RD-20260605T115651Z-main-DP00","","migrated_unverified","D20260605 R010A10S1 Shadow 四分段隔离通过但触发容量不足","migrated_unverified","2026-06-05T12:00:00Z","2026-06-05T12:00:00Z","05_研究决策\DEC-20260605T000000Z-mig-D20260605R010A10S1SHADOW67360_D20260605R010A10S1Shadow四分段隔离通过但触发容量不足.md","旧库迁移决策，待复核后才能影响新库路线","复核证据链和边界"
"DEC-20260605T000000Z-mig-D20260605R010A120020A499","RD-20260605T115651Z-main-DP00","","migrated_unverified","D20260605-R010A12-002 lit_gate6 正式首轮转风险优先候选","migrated_unverified","2026-06-05T12:00:00Z","2026-06-05T12:00:00Z","05_研究决策\DEC-20260605T000000Z-mig-D20260605R010A120020A499_D20260605-R010A12-002lit_gate6正式首轮转风险优先候选.md","旧库迁移决策，待复核后才能影响新库路线","复核证据链和边界"
"DEC-20260605T000000Z-mig-D20260605R010A120034C556","RD-20260605T115651Z-main-DP00","","migrated_unverified","D20260605-R010A12-003 lit_gate6 四段验证不替代 hard5","migrated_unverified","2026-06-05T12:00:00Z","2026-06-05T12:00:00Z","05_研究决策\DEC-20260605T000000Z-mig-D20260605R010A120034C556_D20260605-R010A12-003lit_gate6四段验证不替代hard5.md","旧库迁移决策，待复核后才能影响新库路线","复核证据链和边界"
"DEC-20260605T000000Z-mig-D20260605R010A12001B6233","RD-20260605T115651Z-main-DP00","","migrated_unverified","D20260605-R010A12 顶刊文献过热门控进入 formal 候选","migrated_unverified","2026-06-05T12:00:00Z","2026-06-05T12:00:00Z","05_研究决策\DEC-20260605T000000Z-mig-D20260605R010A12001B6233_D20260605-R010A12顶刊文献过热门控进入formal候选.md","旧库迁移决策，待复核后才能影响新库路线","复核证据链和边界"
"DEC-20260605T000000Z-mig-D20260605R010A9S3SHADOW25138E","RD-20260605T115651Z-main-DP00","","migrated_unverified","D20260605-R010A9S3 Shadow 2024 Smoke 交易隔离通过","migrated_unverified","2026-06-05T12:00:00Z","2026-06-05T12:00:00Z","05_研究决策\DEC-20260605T000000Z-mig-D20260605R010A9S3SHADOW25138E_D20260605-R010A9S3Shadow2024Smoke交易隔离通过.md","旧库迁移决策，待复核后才能影响新库路线","复核证据链和边界"
"DEC-20260605T000000Z-mig-D20260605R010A9S3SHADOWME239F","RD-20260605T115651Z-main-DP00","","migrated_unverified","D20260605-R010A9S3 Shadow 多分段 Smoke 交易隔离通过","migrated_unverified","2026-06-05T12:00:00Z","2026-06-05T12:00:00Z","05_研究决策\DEC-20260605T000000Z-mig-D20260605R010A9S3SHADOWME239F_D20260605-R010A9S3Shadow多分段Smoke交易隔离通过.md","旧库迁移决策，待复核后才能影响新库路线","复核证据链和边界"
"DEC-20260605T000000Z-mig-D20260605R010A9S3SHADOWF15A7F","RD-20260605T115651Z-main-DP00","","migrated_unverified","D20260605-R010A9S3 Shadow 四分段全覆盖交易隔离通过","migrated_unverified","2026-06-05T12:00:00Z","2026-06-05T12:00:00Z","05_研究决策\DEC-20260605T000000Z-mig-D20260605R010A9S3SHADOWF15A7F_D20260605-R010A9S3Shadow四分段全覆盖交易隔离通过.md","旧库迁移决策，待复核后才能影响新库路线","复核证据链和边界"
"DEC-20260605T000000Z-mig-D20260605R010A9S3NEGATIV01981","RD-20260605T115651Z-main-DP00","","migrated_unverified","D20260605-R010A9S3 负贡献收窄规则暂不推进","migrated_unverified","2026-06-05T12:00:00Z","2026-06-05T12:00:00Z","05_研究决策\DEC-20260605T000000Z-mig-D20260605R010A9S3NEGATIV01981_D20260605-R010A9S3负贡献收窄规则暂不推进.md","旧库迁移决策，待复核后才能影响新库路线","复核证据链和边界"
"DEC-20260605T000000Z-mig-D20260605R010A9S3FILTERT522F8","RD-20260605T115651Z-main-DP00","","migrated_unverified","D20260605-R010A9 S3 过滤层稀薄 Top3 替代进入默认关闭候选","migrated_unverified","2026-06-05T12:00:00Z","2026-06-05T12:00:00Z","05_研究决策\DEC-20260605T000000Z-mig-D20260605R010A9S3FILTERT522F8_D20260605-R010A9S3过滤层稀薄Top3替代进入默认关闭候选.md","旧库迁移决策，待复核后才能影响新库路线","复核证据链和边界"
"DEC-20260605T000000Z-mig-D20260605R010A9S3PROMOTEA1784","RD-20260605T115651Z-main-DP00","","migrated_unverified","D20260605-R010A9S3 进入默认关闭 Shadow 观察规格","migrated_unverified","2026-06-05T12:00:00Z","2026-06-05T12:00:00Z","05_研究决策\DEC-20260605T000000Z-mig-D20260605R010A9S3PROMOTEA1784_D20260605-R010A9S3进入默认关闭Shadow观察规格.md","旧库迁移决策，待复核后才能影响新库路线","复核证据链和边界"
"DEC-20260605T000000Z-mig-D20260605R010A9S3EVENTTRFF926","RD-20260605T115651Z-main-DP00","","migrated_unverified","D20260605-R010A9S3 十五触发成交可用性复核暂不实盘","migrated_unverified","2026-06-05T12:00:00Z","2026-06-05T12:00:00Z","05_研究决策\DEC-20260605T000000Z-mig-D20260605R010A9S3EVENTTRFF926_D20260605-R010A9S3十五触发成交可用性复核暂不实盘.md","旧库迁移决策，待复核后才能影响新库路线","复核证据链和边界"
"DEC-20260605T000000Z-mig-D20260605R010A9S3PREVISIBED4A","RD-20260605T115651Z-main-DP00","","migrated_unverified","D20260605-R010A9S3 预可见容量护栏进入预注册候选","migrated_unverified","2026-06-05T12:00:00Z","2026-06-05T12:00:00Z","05_研究决策\DEC-20260605T000000Z-mig-D20260605R010A9S3PREVISIBED4A_D20260605-R010A9S3预可见容量护栏进入预注册候选.md","旧库迁移决策，待复核后才能影响新库路线","复核证据链和边界"
"DEC-20260605T000000Z-mig-D20260605R010A9S4HOTBRAN07EE6","RD-20260605T115651Z-main-DP00","","migrated_unverified","D20260605-R010A9S4 高热度窄主线热分支 2024 Smoke 否决","migrated_unverified","2026-06-05T12:00:00Z","2026-06-05T12:00:00Z","05_研究决策\DEC-20260605T000000Z-mig-D20260605R010A9S4HOTBRAN07EE6_D20260605-R010A9S4高热度窄主线热分支2024Smoke否决.md","旧库迁移决策，待复核后才能影响新库路线","复核证据链和边界"
"DEC-20260605T000000Z-mig-D20260605R010A9S5LIVEREACBC67","RD-20260605T115651Z-main-DP00","","migrated_unverified","D20260605 R010A9S5 Live-Readiness 未通过保持 Shadow","migrated_unverified","2026-06-05T12:00:00Z","2026-06-05T12:00:00Z","05_研究决策\DEC-20260605T000000Z-mig-D20260605R010A9S5LIVEREACBC67_D20260605R010A9S5Live-Readiness未通过保持Shadow.md","旧库迁移决策，待复核后才能影响新库路线","复核证据链和边界"
"DEC-20260605T000000Z-mig-D20260605R010A9S5SECONDGA3C4D","RD-20260605T115651Z-main-DP00","","migrated_unverified","D20260605 R010A9S5 二级护栏弱候选进入预注册不交易化","migrated_unverified","2026-06-05T12:00:00Z","2026-06-05T12:00:00Z","05_研究决策\DEC-20260605T000000Z-mig-D20260605R010A9S5SECONDGA3C4D_D20260605R010A9S5二级护栏弱候选进入预注册不交易化.md","旧库迁移决策，待复核后才能影响新库路线","复核证据链和边界"
"DEC-20260605T000000Z-mig-D20260605R010A9S5CAPACIT8C374","RD-20260605T115651Z-main-DP00","","migrated_unverified","D20260605 R010A9S5 容量护栏 Shadow 通过四分段隔离","migrated_unverified","2026-06-05T12:00:00Z","2026-06-05T12:00:00Z","05_研究决策\DEC-20260605T000000Z-mig-D20260605R010A9S5CAPACIT8C374_D20260605R010A9S5容量护栏Shadow通过四分段隔离.md","旧库迁移决策，待复核后才能影响新库路线","复核证据链和边界"
"DEC-20260605T000000Z-mig-D20260605R010A9S6SHADOWI6363E","RD-20260605T115651Z-main-DP00","","migrated_unverified","D20260605 R010A9S6 二级护栏 Shadow 通过四分段隔离但不交易化","migrated_unverified","2026-06-05T12:00:00Z","2026-06-05T12:00:00Z","05_研究决策\DEC-20260605T000000Z-mig-D20260605R010A9S6SHADOWI6363E_D20260605R010A9S6二级护栏Shadow通过四分段隔离但不交易化.md","旧库迁移决策，待复核后才能影响新库路线","复核证据链和边界"
"DEC-20260605T000000Z-mig-R010A11F55BE","RD-20260605T115651Z-main-DP00","","migrated_unverified","D20260605-SCORECAP-001 score 大于 5 硬过滤保留但进入替代研究","migrated_unverified","2026-06-05T12:00:00Z","2026-06-05T12:00:00Z","05_研究决策\DEC-20260605T000000Z-mig-R010A11F55BE_D20260605-SCORECAP-001score大于5硬过滤保留但进入替代研究.md","旧库迁移决策，待复核后才能影响新库路线","复核证据链和边界"
"DEC-20260605T133351Z-main-7PRX","RD-20260605T133318Z-main-H6V3","EX-20260605T133336Z-main-UBVU","kill","非金融高分放行不晋级","active","2026-06-05T13:33:51Z","2026-06-05T13:33:51Z","05_研究决策/DEC-20260605T133351Z-main-7PRX_非金融高分放行不晋级.md","非金融高分放行关键窗口收益和回撤同时严重失败","停止该候选，转向next-best和状态识别"
"DEC-20260605T133351Z-main-ECU2","RD-20260605T133318Z-main-H6V3","EX-20260605T133336Z-main-MZJE","kill","hard5 next-best通用selector不晋级","active","2026-06-05T13:33:51Z","2026-06-05T13:33:51Z","05_研究决策/DEC-20260605T133351Z-main-ECU2_hard5 next-best通用selector不晋级.md","通用selector胜率和分段稳定性不足，不能替代hard5","停止通用selector，转向资产属性分层"
"DEC-20260605T133351Z-main-26J6","RD-20260605T133318Z-main-H6V3","EX-20260605T133336Z-main-DMB9","promote_candidate","资产属性分层成为hard5替代前置条件","active","2026-06-05T13:33:51Z","2026-06-05T13:33:51Z","05_研究决策/DEC-20260605T133351Z-main-26J6_资产属性分层成为hard5替代前置条件.md","其他主题几乎全为商品LOF，后续hard5研究必须先分层","构造A16/A17只读状态变量面板"
"DEC-20260605T135046Z-main-P5V8","RD-20260605T133318Z-main-H6V3","EX-20260605T133336Z-main-UBVU;EX-20260605T133336Z-main-MZJE;EX-20260605T133336Z-main-DMB9;EX-20260605T135028Z-main-76GD","revise","无条件score大于5硬过滤不应作为默认规则","active","2026-06-05T13:50:46Z","2026-06-05T13:51:00Z","05_研究决策/DEC-20260605T135046Z-main-P5V8_无条件score大于5硬过滤不应作为默认规则.md","score>5不能单独代表过热拥挤，应降级为条件状态变量","设计并运行A17条件化hard5回测"
"DEC-20260605T151211Z-main-YFNK","RD-20260605T133318Z-main-H6V3","EX-20260605T151211Z-main-JDPL","kill","A17条件化hard5不晋级且保留hard5基线","active","2026-06-05T15:12:11Z","2026-06-05T15:40:00Z","05_研究决策/DEC-20260605T151211Z-main-YFNK_A17条件化hard5不晋级且保留hard5基线.md","A17 v1放行异常高分导致关键窗口崩溃，修复后v2_smooth收益回撤均弱于hard5，当前无证据支持替换默认hard5","默认hard5继续保留；不运行v1商品放宽；下一轮研究异常价格闸和soft overheat budget"
"DEC-20260605T165030Z-main-HSEH","RD-20260605T133318Z-main-H6V3","EX-20260605T165020Z-main-Z5EP","revise","A19不替代hard5但进入市场状态条件化候选","active","2026-06-05T16:50:30Z","2026-06-05T16:50:30Z","05_研究决策/DEC-20260605T165030Z-main-HSEH_A19不替代hard5但进入市场状态条件化候选.md","ret5_9_12当前窗口有效但跨段不稳定，不能替代hard5","默认hard5继续保留；A20先做市场状态只读归因再决定formal V2"
"DEC-20260605T184943Z-main-CKNC","RD-20260605T133318Z-main-H6V3","EX-20260605T184943Z-main-Q3YU","promote_candidate","A20进入候选但不替代默认hard5且A21不晋级","active","2026-06-05T18:49:43Z","2026-06-05T18:49:43Z","05_研究决策/DEC-20260605T184943Z-main-CKNC_A20进入候选但不替代默认hard5且A21不晋级.md","A20是第一正式候选但默认hard5保留；A21二次代理formal失败不晋级","围绕A20做仓位预算、保留旧仓、冷却期等A22 formal四段验证"
"DEC-20260605T220430Z-main-9QNJ","RD-20260605T133318Z-main-H6V3","EX-20260605T220429Z-main-EQFU","promote_candidate","A22cap70晋级为hard5替代首选候选但暂不默认上线","active","2026-06-05T22:04:30Z","2026-06-05T22:04:30Z","05_研究决策/DEC-20260605T220430Z-main-9QNJ_A22cap70晋级为hard5替代首选候选但暂不默认上线.md","A22 cap70成为当前首选formal候选；cap60为风险型备选；默认hard5仍保留","新开A23状态分层预算并做A22原生命名、cap65/cap75和成本扰动"
"DEC-20260606T073601Z-main-VK2A","RD-20260605T133318Z-main-H6V3","EX-20260606T073600Z-main-R8M6;EX-20260605T220429Z-main-EQFU","revise","A23不替代A22cap70但保留为风险平衡挑战者","active","2026-06-06T07:36:01Z","2026-06-06T07:36:01Z","05_研究决策/DEC-20260606T073601Z-main-VK2A_A23不替代A22cap70但保留为风险平衡挑战者.md","A23 88/6改善2020且保留2025，但2022最终权益和回撤略弱于A22 cap70，不能晋级为当前首选","A22 cap70继续为首选；A23做90/6、92/4、dispersion交互和2022事件归因"
"DEC-20260606T083101Z-main-S7NP","RD-20260605T133318Z-main-H6V3","EX-20260606T021645Z-main-U7X2;EX-20260606T083100Z-main-D9QK;EX-20260606T073600Z-main-R8M6;EX-20260605T220429Z-main-EQFU","promote_candidate","A23_92_4_d09晋级为hard5替代首选候选","active","2026-06-06T08:31:01Z","2026-06-06T07:36:25Z","05_研究决策/DEC-20260606T083101Z-main-S7NP_A23_92_4_d09晋级为hard5替代首选候选.md","A23 92/4/d09同配置四段可见重跑已复现D9QK，最小邻近矩阵12/12完成且isolated_optimum_warning=false，仍是hard5替代研究首选L2_robustness_partial候选","默认生产仍保留hard5；补四段完整邻近矩阵、cap邻近、成本扰动、事件级归因和forward OOS后再判断是否升级"
"DEC-20260605T235338Z-main-WVZZ","RD-20260605T131301Z-main-KC7N","EX-20260605T234635Z-main-CTRD;EX-20260605T140100Z-main-B7VH","revise","主题簇强主线不作为正向放行条件","active","2026-06-05T23:53:38Z","2026-06-05T23:58:00Z","05_研究决策/DEC-20260605T235338Z-main-WVZZ_主题簇强主线不作为正向放行条件.md","6p_same不支持正向放行；金融top1更像风险标签但仍需formal V2 A/B验证","停止6p正向放行路线；主题簇后续只做金融坏桶/高集中度风险预算A/B预注册"
"DEC-20260607T235302Z-main-8GQQ","RD-20260605T131301Z-main-KC7N","EX-20260606T000758Z-main-VVVN","park","主题簇金融风险预算formal失败后暂停决策","active","2026-06-07T23:53:02Z","2026-06-07T23:53:40Z","05_研究决策/DEC-20260607T235302Z-main-8GQQ_主题簇金融风险预算formal失败后暂停决策.md","VVVN四段三组formal完成；financial_top1_cap70只有1/4收益优于baseline，financial_or_share_ge050_cap70虽4/4回撤改善但0/4收益优于baseline且机会成本过大","暂停主题风险预算交易化；主题簇只保留只读诊断，不promote、不默认打开、不后验扩阈值"
"DEC-20260606T122535Z-main-GAAL","RD-20260605T115651Z-main-CORE","EX-20260606T012550Z-main-LM3D","kill","LM3D年化尺度与Top4权重不进入默认逻辑","active","2026-06-06T12:25:35Z","2026-06-06T12:25:00Z","05_研究决策/DEC-20260606T122535Z-main-GAAL_LM3D年化尺度与Top4权重不进入默认逻辑.md","ann25、Top4 40/30/20/10和取消hard5上限均未通过32/32 formal，不进入默认逻辑","LM3D只补成本扰动、错位评分负控和未来函数审计；回测资源转向A23稳健性补证"
"DEC-20260606T222754Z-main-VGF5","RD-20260605T133318Z-main-H6V3","EX-20260606T200545Z-main-GCHV;EX-20260606T201735Z-main-QK38","kill","QK38商品LOF尾部回撤放行不晋级","active","2026-06-06T22:27:54Z","2026-06-07T06:35:00+08:00","05_研究决策/DEC-20260606T222754Z-main-VGF5_QK38商品LOF尾部回撤放行不晋级.md","QK38 8/8 formal失败：hard5分支四段合计final少12042.22，A23分支四段合计final少47231.09，GCHV只读种子被组合路径证伪","关闭商品LOF尾部回撤放行；默认hard5保留，A23仍只作为soft budget研究候选；资源转向5KZW、TC8U成本扰动和A23事件归因"
"DEC-20260607T094500Z-main-RQ9M","RD-20260605T115651Z-main-CORE;RD-20260605T133318Z-main-H6V3","EX-20260606T185537Z-main-5KZW","kill","5KZW多周期动量确认不替代hard5或A23","active","2026-06-07T09:45:00+08:00","2026-06-07T09:45:00+08:00","05_研究决策/DEC-20260607T094500Z-main-RQ9M_5KZW多周期动量确认不替代hard5或A23.md","5KZW 16/16 formal完成；三个多周期确认候选均只有1/4分段final不低于baseline，四段合计final分别少23066.55、25284.31、19484.67","关闭5KZW直接替代路线；默认hard5保留，A23继续做事件归因和成本/换手约束版本"
"DEC-20260607T035846Z-main-2NYF","RD-20260603T000000Z-mig-HD5EEBAA8D5EEB;RD-20260603T000000Z-mig-H35F08B9535F08","EX-20260607T033527Z-main-UKVS;EX-20260607T035232Z-main-8QKX","revise","涨停基因小市值修复后执行防线决策","active","2026-06-07T03:58:46Z","2026-06-07T06:45:00Z","05_研究决策/DEC-20260607T035846Z-main-2NYF_涨停基因小市值修复后执行防线决策.md","保留count_p10_n6_guard_env_hold4为日频研究候选；严格日频口径收益+76.04%、回撤-26.78%，但分钟单点执行通过率严重不足","下游VJDG已完成TWAP修复并解除单点容量阻断；最新GRKL决策为默认关闭observe，仍禁止直接打开实盘默认开关"
"DEC-20260607T064247Z-main-GRKL","RD-20260603T000000Z-mig-HD5EEBAA8D5EEB;RD-20260603T000000Z-mig-H35F08B9535F08","EX-20260607T062555Z-main-VJDG","observe","涨停基因TWAP执行修复后观察决策","active","2026-06-07T06:42:47Z","2026-06-07T06:45:00Z","05_研究决策/DEC-20260607T064247Z-main-GRKL_涨停基因TWAP执行修复后观察决策.md","TWAP解除8QKX单点分钟容量阻断，p05收益+71.99%、回撤-25.56%，p03收益+71.35%、回撤-26.09%，成交完成率约98%；但未验证盘口队列和真实冲击成本","允许默认关闭shadow/observe；记录20-60个交易日纸面成交、滑点、未成交和容量后，再决定是否进入小资金试运行"
"DEC-20260607T075721Z-main-DPRK","RD-20260603T000000Z-mig-HD5EEBAA8D5EEB;RD-20260603T000000Z-mig-H35F08B9535F08","EX-20260607T073711Z-main-WS6K;EX-20260607T081421Z-main-S5D6","revise","微盘低价公开策略复现后修订决策","active","2026-06-07T07:57:21Z","2026-06-07T16:55:00+08:00","05_研究决策/DEC-20260607T075721Z-main-DPRK_微盘低价公开策略复现后修订决策.md","公开微盘策略日频收益很强但低价排序被消融反证；修正版S5D6显示strict_base TWAP可观察，p03/p05/p10收益+453.73%/+444.97%/+437.12%，但no_low_price_sort仍支配低价排序且容量未过门槛","原公开版仍不得实盘或shadow；最新582N决策允许strict_base默认关闭observe，下一步做no_low_price_sort容量修复"
"DEC-20260607T084625Z-main-582N","RD-20260603T000000Z-mig-HD5EEBAA8D5EEB;RD-20260603T000000Z-mig-H35F08B9535F08","EX-20260607T073711Z-main-WS6K;EX-20260607T081421Z-main-S5D6","observe","微盘TWAP容量修复后观察决策","active","2026-06-07T08:46:25Z","2026-06-07T16:55:00+08:00","05_研究决策/DEC-20260607T084625Z-main-582N_微盘TWAP容量修复后观察决策.md","strict_base_p03/p05/p10在修正未来函数风险后全部通过TWAP门槛，收益+453.73%/+444.97%/+437.12%，最大回撤约-21%，买入完成率95%+；但执行模型仍非实盘级","允许strict_base默认关闭observe；补盘口级审计、纸面成交、资金压力和实盘联调前不得shadow或实盘"
"DEC-20260607T091838Z-main-YMEP","RD-20260603T000000Z-mig-HD5EEBAA8D5EEB","EX-20260607T081421Z-main-S5D6;EX-20260607T085553Z-main-SPDR","revise","无低价排序TWAP简单容量修复失败决策","active","2026-06-07T09:18:38Z","2026-06-07T17:20:00+08:00","05_研究决策/DEC-20260607T091838Z-main-YMEP_无低价排序TWAP简单容量修复失败决策.md","SPDR四个no_low候选收益+610.55%到+629.68%、回撤约-18%，但买入完成率94.08%-94.29%且平均持仓数33-40，简单过滤/宽窗口修复失败","微盘路线仍以S5D6 strict_base默认关闭observe为上限；no_low若继续必须做分日建仓或盘口级执行新实验"
"DEC-20260607T095907Z-main-B43Y","RD-20260603T000000Z-mig-HD5EEBAA8D5EEB","EX-20260607T081421Z-main-S5D6;EX-20260607T085553Z-main-SPDR;EX-20260607T094505Z-main-2AM7","park","无低价排序分日建仓失败后暂停决策","active","2026-06-07T09:59:07Z","2026-06-07T18:05:00+08:00","05_研究决策/DEC-20260607T095907Z-main-B43Y_无低价排序分日建仓失败后暂停决策.md","SPDR简单修复买入完成率仍约94%，2AM7分日建仓进一步降到86%-87%；no_low收益线索仍在但当前低成本执行修复全部失败","暂停no_low执行修复线；S5D6 strict_base是当前微盘路线唯一默认关闭observe候选，下一步做纸面成交、盘口/tick接入或实盘dry-run"
"DEC-20260607T095915Z-main-BP3L","RD-20260605T115651Z-main-EXE0","EX-20260606T140752Z-main-TC8U;EX-20260607T083033Z-main-C35J","observe","TopN抗抖随机延迟负控后观察决策","active","2026-06-07T09:59:15Z","2026-06-07T18:06:48+08:00","05_研究决策/DEC-20260607T095915Z-main-BP3L_TopN抗抖随机延迟负控后观察决策.md","C35J 16/16 strict完成；random50相对Top3/gap为3/4分段final不低、3/4分段MDD不差，四段合计final多93692.92，触发负控证伪；2024归因显示Top3/gap落后主要来自持仓错位","方向4保持observe；不promote Top3/gap、confirm1或random50；若继续必须新开换仓确认机制预注册，先做seed敏感性、2022失败归因和成本扰动"
"DEC-20260607T102206Z-main-XBWS","RD-20260605T133318Z-main-H6V3","EX-20260607T101347Z-main-VX4J","revise","A23事件归因后先做同成本配对决策","active","2026-06-07T10:22:06Z","2026-06-07T18:48:00+08:00","05_研究决策/DEC-20260607T102206Z-main-XBWS_A23事件归因后先做同成本配对决策.md","VX4J显示A23独有贡献很窄：相对A22只在2020多634.92，2025强收益来自A22/A23共同base cap70；高成本弱化还缺同成本公平对照","不直接做A23换手约束formal；先跑hard5/A22/A23同成本配对，通过后才允许新开持仓延续或换手约束候选"
"DEC-20260608T003551Z-main-DYSF","RD-20260605T115651Z-main-DEF0","EX-20260608T003333Z-main-ARBE","observe","R010C与C1复核后仅日志层观察决策","active","2026-06-08T00:35:51Z","2026-06-08T00:40:30Z","05_研究决策/DEC-20260608T003551Z-main-DYSF_R010C与C1复核后仅日志层观察决策.md","R010-C/C1旧证据可复核为日志层诊断：A0漏防有局部价值，但C1对-15%深回撤提前覆盖仅19.05%，2024覆盖为0","保留r010c1_*字段做观察和归因；不得直接降仓、清仓、切511880或增强hard5/A22，防御模块下一步转向A1/A2/B3/tiered-v2动作复核"
