"call_id","task_code","platform_nickname","model","caller","target_docs","inputs","outputs","parent_ex_id","parent_dec_id","status","reviewed_by","risk_flag","timestamp_utc","novice_summary"
"SUB-20260606T002350Z-main-HOOKE","子查-001-子代理规范审计","HOOKE","gpt-5.3-codex-spark","main","AGENTS.md;08_方法论/子代理调度规范.md;08_方法论/研究方法论.md;10_模板/实验记录模板.md;10_模板/研究决策模板.md;tools/Test-ResearchRepo.ps1","检查为什么研究库使用中未稳定调用子代理","确认根因是规则未落地为可执行门禁，并建议新增调用记录、台账和校验","不适用","不适用","completed","main","low","2026-06-06T00:23:50Z","本次子代理负责查规范缺口，主控据此把调用要求落到模板、台账和健康检查脚本。"
"SUB-20260606T003449Z-main-EPICURUS","子查-002-A23新增记录门禁审计","EPICURUS","gpt-5.3-codex-spark","main","04_实验记录/EX-20260606T083100Z-main-D9QK_A23状态分层预算92_4_d09四段回测.md;05_研究决策/DEC-20260606T083101Z-main-S7NP_A23_92_4_d09晋级为hard5替代首选候选.md","检查新增 A23 completed 实验和决策是否满足子代理门禁、互链、台账和风险边界要求","确认 ID 与互链通过，但发布前必须补调用记录、实验/决策台账、方向页同步和风险边界","EX-20260606T083100Z-main-D9QK","DEC-20260606T083101Z-main-S7NP","completed","main","medium","2026-06-06T00:34:49Z","本次子代理阻止 A23 92/4/d09 被无审计链路发布；主控已补台账和边界，仍只作为 formal 候选。"
"SUB-20260606T010342Z-main-PEIRCE","子查-003-子代理默认优先规则审计","PEIRCE","gpt-5.3-codex-spark","main","AGENTS.md;08_方法论/子代理调度规范.md;08_方法论/研究方法论.md;10_模板/实验记录模板.md;10_模板/研究决策模板.md;tools/Test-ResearchRepo.ps1","检查哪些措辞仍会让主 Agent 误以为只有用户要求时才调用子代理","指出模板中的 not_required 和研究方法论中的“或”仍有歧义，并建议加强 Test-ResearchRepo.ps1","不适用","不适用","completed","main","low","2026-06-06T01:03:42Z","本次子代理帮助把默认子代理策略从建议升级为先适配、默认调用、仅合规豁免。"
"SUB-20260606T011100Z-main-HEGEL","子查-003-研究库评分TopN线索检索","HEGEL","gpt-5.3-codex-spark","main","04_实验记录/EX-20260606T012550Z-main-LM3D_动量评分尺度与Top4排名权重预注册.md","检索研究库内动量斜率、年化、MOMENTUM_DAYS、TopN和40/30/20/10相关线索","远端压缩断线失败，无可用交付，主控未采纳为证据","EX-20260606T012550Z-main-LM3D","","failed","main","medium","2026-06-06T01:11:00Z","本次子代理未能完成；主控仅记录失败，不用失败代理结论支持研究判断。"
"SUB-20260606T140000Z-main-TOPN","SUBTASK-20260606T140000Z-main-TOPN","Cicero","gpt-5.3-codex-spark","main","04_实验记录/EX-20260606T140752Z-main-TC8U_TopN抗抖换仓formal AB预注册.md","只读核对TopN抗抖策略、测试、生成脚本、汇总脚本和配置根","确认TopN抗抖可执行资产已存在，20个formal配置可运行；提醒cooldown字段不存在，应使用rank/ratio/gap表达","EX-20260606T140752Z-main-TC8U","","completed","main","low","2026-06-06T14:00:00Z","本次子代理负责执行清单核对，主控据此补参数覆盖测试并启动TopN formal。"
"SUB-20260606T140000Z-main-ASSET","SUBTASK-20260606T140000Z-main-ASSET","Carver","gpt-5.3-codex-spark","main","04_实验记录/EX-20260606T140753Z-main-WXMD_资产属性分层扩展诊断与负控.md","只读核对A18/A16资产属性分层扩展可复用字段和负控设计","确认A18/A16面板可复用，建议新增只读扩展脚本并加入随机标签、固定合并标签和随机合并桶负控","EX-20260606T140753Z-main-WXMD","","completed","main","low","2026-06-06T14:00:00Z","本次子代理把资产属性方向压回只读诊断，避免直接交易化。"
"SUB-20260606T150000Z-main-TC8U-AUDIT","SUBTASK-20260606T150000Z-main-TC8U-AUDIT","Curie","gpt-5.3-codex-spark","main","04_实验记录/EX-20260606T140752Z-main-TC8U_TopN抗抖换仓formal AB预注册.md","核对TC8U summary、comparison和20个status文件是否自洽","确认base-cost formal 20/20且status全0；指出top3_ratio070与top5_ratio070触发两段final落后，top3_ratio070_gap050更适合成本审计","EX-20260606T140752Z-main-TC8U","","completed","main","medium","2026-06-06T15:00:00Z","本次子代理帮助修正候选排序：Top5按合计收益强，但Top3/gap按证伪条件更稳，二者都进入成本待审。"
"SUB-20260606T011100Z-main-PAULI","子查-004-平台评分TopN路径核对","PAULI","gpt-5.3-codex-spark","main","04_实验记录/EX-20260606T012550Z-main-LM3D_动量评分尺度与Top4排名权重预注册.md","核对平台中动量评分、annualization、TopN持仓和排名权重实现路径","远端压缩断线失败，无可用交付，主控未采纳为证据","EX-20260606T012550Z-main-LM3D","","failed","main","medium","2026-06-06T01:11:00Z","本次子代理未能完成；平台路径由主控只读核对，仍需后续子查交叉确认。"
"SUB-20260606T012500Z-main-GAUSS","子查-005-平台Top4权重路径核对","GAUSS","gpt-5.3-codex-spark","main","04_实验记录/EX-20260606T012550Z-main-LM3D_动量评分尺度与Top4排名权重预注册.md","核对weighted_regression_momentum_scores annualization参数、r010b target_weights路径和40/30/20/10是否已有实现","远端压缩断线失败，无可用交付；主控未采纳为证据","EX-20260606T012550Z-main-LM3D","","failed","main","medium","2026-06-06T01:25:00Z","本次子代理未能完成；平台最小改动点由主控只读核对。"
"SUB-20260606T012700Z-main-AVERROES","子查-006-研究库TopN评分线索核对","AVERROES","gpt-5.3-codex-spark","main","04_实验记录/EX-20260606T012550Z-main-LM3D_动量评分尺度与Top4排名权重预注册.md","核对1N与TopN权重基准、TopN抗抖、score年化和score>5实验记录状态","确认1N与TopN权重基准、TopN抗抖和TopN分散均为旧库迁移或migrated_unverified；新库completed链路只支持score>5语义需要消融，不能直接证明Top4有效","EX-20260606T012550Z-main-LM3D","","completed","main","medium","2026-06-06T01:27:00Z","本次子代理用于交叉核对研究库旧线索；主控采纳其状态核对，不采纳任何路线判断。"
"SUB-20260606T020000Z-main-FARADAY","SUB-LM3D-CLI-SCHEMA","FARADAY","gpt-5.3-codex-spark","main","E:/量化平台_V1.4.0/src/run_v2_backtest.py;E:/量化平台_V1.4.0/src/quant_v2/cli/run_backtest.py;E:/量化平台_V1.4.0/src/quant_v2/backtest/job.py;E:/量化平台_V1.4.0/src/quant_v2/backtest/result_writer.py","核对V2 CLI参数、dry-run/config-check入口、配置必要字段和输出目录规则","确认run_v2_backtest有--dry-run且无config-check同义入口；正式回测命令应在WSL内运行，输出落在<output_dir>/<job_id>/","EX-20260606T012550Z-main-LM3D","","completed","main","low","2026-06-06T02:00:00Z","本次子代理只核对平台命令入口；主控据此使用WSL全量dry-run作为配置门禁，不作为收益证据。"
"SUB-20260606T014527Z-main-RAMANUJAN","子查-005-A23合规缺口核对","RAMANUJAN","gpt-5.3-codex-spark","main","04_实验记录/EX-20260606T083100Z-main-D9QK_A23状态分层预算92_4_d09四段回测.md;05_研究决策/DEC-20260606T083101Z-main-S7NP_A23_92_4_d09晋级为hard5替代首选候选.md","核对A23 92/4/d09实验卡、决策卡、模板、子代理台账和平台协作规范中的子代理门禁与回测可见性要求","确认子代理门禁通过，但历史回测执行缺少标准运行命令、tee日志、查看进度和后台豁免记录","EX-20260606T083100Z-main-D9QK","DEC-20260606T083101Z-main-S7NP","completed","main","medium","2026-06-06T01:45:27Z","本次子代理把A23 92/4/d09从“完整稳健性证据”校正为“formal候选但待可见重跑和稳健性补证”。"
"SUB-20260606T021620Z-main-VOLTA","子查-006-A23重跑前路径核对","VOLTA","OpenAI GPT-5（Codex）","main","04_实验记录/EX-20260606T021645Z-main-U7X2_A23 92_4_d09可见重跑与稳健性补证.md;04_实验记录/EX-20260606T083100Z-main-D9QK_A23状态分层预算92_4_d09四段回测.md;05_研究决策/DEC-20260606T083101Z-main-S7NP_A23_92_4_d09晋级为hard5替代首选候选.md","核对A23 92/4/d09重跑前的平台配置、历史结果、日志惯例、WSL进程和V2状态标注","确认平台侧配置和四段summary存在，但历史结果缺专属.run.log；当前有非A23回测进程，存在资源争用风险","EX-20260606T021645Z-main-U7X2","","completed","main","medium","2026-06-06T02:16:20Z","本次子代理确认A23可见重跑应等待资源空档并新建日志目录，不能在已有主题回测并发时直接作为可重复性证据。"
"SUB-20260606T022334Z-main-J9R2","SUBTASK-20260606T022334Z-main-N6KQ_子查_子代理命名规范审计","Euler","gpt-5.3-codex-spark","main","AGENTS.md;08_方法论/命名与编号规范.md;08_方法论/子代理调度规范.md;01_台账/子代理调用台账.csv","检查为什么子代理没有按照研究库命名规范命名，并区分平台昵称、任务代号和调用ID","确认根因是平台自动昵称、task_code和call_id三层混用；建议新增SUB/SUBTASK规范和platform_nickname字段","不适用","不适用","completed","main","low","2026-06-06T02:23:34Z","本次子代理说明：Hooke/Euler这类名字是平台自动昵称，不是研究库编号；以后用SUB调用ID和SUBTASK任务代号追踪。"
"SUB-20260606T034000Z-main-HUYGENS","SUBTASK-20260606T034000Z-main-HUYGENS_子查_A23可见重跑结果审计","Huygens","OpenAI GPT-5（Codex）","main","04_实验记录/EX-20260606T021645Z-main-U7X2_A23 92_4_d09可见重跑与稳健性补证.md;04_实验记录/EX-20260606T083100Z-main-D9QK_A23状态分层预算92_4_d09四段回测.md","核对A23 92/4/d09四段可见重跑summary、trades、run.log和manifest是否复现D9QK","确认四段final、MDD和trades均一致；四段日志与manifest存在且无异常；2020 CRLF退出码误报不影响策略结果","EX-20260606T021645Z-main-U7X2","","completed","main","medium","2026-06-06T03:40:00Z","本次子代理把U7X2确认为可见重跑复现通过，但强调summary实际落在hash结果目录，平台dirty worktree和稳健性未补仍是边界。"
"SUB-20260606T040500Z-main-K8T2","SUBTASK-20260606T040500Z-main-A23ROBUST_子查_A23稳健性运行前核对","Turing","OpenAI GPT-5（Codex）","main","01_台账/子代理调用台账.csv;08_方法论/子代理调度规范.md;08_方法论/命名与编号规范.md;04_实验记录/EX-20260606T021645Z-main-U7X2_A23 92_4_d09可见重跑与稳健性补证.md;05_研究决策/DEC-20260606T083101Z-main-S7NP_A23_92_4_d09晋级为hard5替代首选候选.md;E:/量化平台_V1.4.0/configs/research/R010-A23/state_tier_hot_budget/","核对A23稳健性配置、U7X2证据状态、子代理命名规范和当前WSL回测进程","确认九组稳健性配置均存在且各有四段JSON；当前LM3D formal进程仍在运行，建议暂缓A23并发回测；优先跑6个邻近阈值在2020_2021与2022_2023的12段最小矩阵","EX-20260606T021645Z-main-U7X2","","completed","main","medium","2026-06-06T04:05:00Z","本次子代理只做A23稳健性运行前门禁：配置可跑，但当前资源不适合启动；下一步应先跑邻近阈值最小矩阵，不能据此升级A23证据等级。"
"SUB-20260606T041500Z-main-R7M4","SUBTASK-20260606T041500Z-main-H9P6_子查_A23最小矩阵执行后审计准备","Dirac","OpenAI GPT-5（Codex）","main","08_方法论/子代理调度规范.md;04_实验记录/EX-20260606T021645Z-main-U7X2_A23 92_4_d09可见重跑与稳健性补证.md;E:/量化平台_V1.4.0/scripts/research/run_r010a23_minimal_robustness.sh;E:/量化平台_V1.4.0/configs/research/R010-A23/state_tier_hot_budget/;E:/量化平台_V1.4.0/results/v2/research/R010-A23/state_tier_hot_budget/","准备A23最小稳健性矩阵执行后审计清单","明确12段应核对log、manifest、summary、trades和platform manifest；提醒旧summary没有本轮minimal_robustness日志绑定，不能视作完整执行证据","EX-20260606T021645Z-main-U7X2","","completed","main","medium","2026-06-06T04:15:00Z","本次子代理没有跑回测，只准备审计办法；主控据此修正runner，确保后续每段必须有本轮日志、退出码、新summary和trades后才能判断92/4/d09是否孤立。"
"SUB-20260606T043200Z-main-W6L2","SUBTASK-20260606T043200Z-main-M8C3_子查_LM3D进度与A23启动窗口复核","Chandrasekhar","OpenAI GPT-5（Codex）","main","E:/量化平台_V1.4.0/results/v2/research/RD-20260605T115651Z-main-CORE/EX-20260606T012550Z-main-LM3D/logs/formal/;E:/量化平台_V1.4.0/results/v2/research/R010-A23/state_tier_hot_budget/;E:/量化平台_V1.4.0/scripts/research/summarize_lm3d_formal_results.py","核对LM3D formal队列进度、A23启动窗口和partial formal覆盖率","确认LM3D当时仍在ann250_top1_unlimited_score 2022_2023；A23不应并发；运行LM3D汇总脚本并刷新summary/formal_partial","EX-20260606T012550Z-main-LM3D;EX-20260606T021645Z-main-U7X2","","completed","main","medium","2026-06-06T04:32:00Z","本次子代理检查平台是否空闲；它没有启动回测，但运行了汇总脚本并刷新partial summary，因此主控把它当作会写汇总文件的复核步骤记录。"
"SUB-20260606T045000Z-main-N9V4","SUBTASK-20260606T045000Z-main-N9V4_规范复核清单","Hilbert","OpenAI GPT-5（Codex）","main","E:/【笔记库】/量化研究库_V2.0.0/AGENTS.md;E:/【笔记库】/量化研究库_V2.0.0/08_方法论/子代理调度规范.md;E:/量化平台_V1.4.0/AGENTS.md;E:/量化平台_V1.4.0/docs/AGENT_RULES.md","只读复核V2规范，重点核对子代理调用、回测可见性、实验/决策台账写回要求","确认A23仍需12/12日志绑定矩阵后才能解读稳健性，LM3D 10/32只能保留partial；提醒后台豁免、PID、日志、停止方式必须记录","EX-20260606T012550Z-main-LM3D;EX-20260606T021645Z-main-U7X2","","completed","main","low","2026-06-06T04:50:00Z","本次子代理只读复核项目规范，帮助主控统一写回口径：A23可升为最小稳健性部分通过但不升L3，LM3D不做收益结论。"
"SUB-20260606T073000Z-main-P4R8","SUBTASK-20260606T073000Z-main-P4R8_A23最小稳健性结果审计","Averroes","OpenAI GPT-5（Codex）","main","E:/量化平台_V1.4.0/results/v2/research/R010-A23/state_tier_hot_budget/minimal_robustness_20260606T051500Z/;E:/量化平台_V1.4.0/results/v2/research/R010-A23/state_tier_hot_budget/attribution/minimal_robustness/summary.json;E:/量化平台_V1.4.0/results/v2/research/R010-A23/state_tier_hot_budget/attribution/minimal_robustness/comparisons.csv","审计A23最小稳健性矩阵12段输出、日志、manifest、退出码、summary/trades和日志风险","确认completed_neighbor_runs=12/12、12个neighbor均有run.log/manifest/exit_status=0/summary/trades；11/12 pair不弱于A22，5/6 neighbor双段通过，isolated_optimum_warning=false；发现一条非致命Exception ignored日志风险","EX-20260606T021645Z-main-U7X2","","completed","main","medium","2026-06-06T07:30:00Z","本次子代理支持A23从L2_reproduced升为L2_robustness_partial，但要求记录非clean-log风险；不支持升L3或生产默认。"
"SUB-20260606T042200Z-main-Q5N8","SUBTASK-20260606T042200Z-main-J4V7_子查_LM3D队列与A23空档核对","Rawls","OpenAI GPT-5（Codex）","main","E:/量化平台_V1.4.0/results/v2/research/RD-20260605T115651Z-main-CORE/EX-20260606T012550Z-main-LM3D/logs/formal/;E:/量化平台_V1.4.0/scripts/research/run_r010a23_minimal_robustness.sh;E:/量化平台_V1.4.0/scripts/research/summarize_r010a23_minimal_robustness.py","核对LM3D父队列、当前formal日志、A23 runner是否可安全启动","确认LM3D父队列bash -s仍在运行，当前为ann250_top1_unlimited_score 2022_2023；A23不应并发启动，建议只读汇总已完成LM3D结果","EX-20260606T012550Z-main-LM3D;EX-20260606T021645Z-main-U7X2","","completed","main","medium","2026-06-06T04:22:00Z","本次子代理只查资源空档：LM3D仍占用回测资源，A23最小矩阵继续等待；主控转而汇总LM3D已完成formal结果。"
"SUB-20260606T050000Z-LM3D-AUDIT","SUBTASK-20260606T050000Z-LM3D-PATH-CHECK","Archimedes","gpt-5.3-codex-spark","main","04_实验记录/EX-20260606T012550Z-main-LM3D_动量评分尺度与Top4排名权重预注册.md;01_台账/实验台账.csv;00_入口/当前状态.md;E:/量化平台_V1.4.0/results/v2/research/RD-20260605T115651Z-main-CORE/EX-20260606T012550Z-main-LM3D/summary/formal_partial/summary.json;E:/量化平台_V1.4.0/results/v2/research/RD-20260605T115651Z-main-CORE/EX-20260606T012550Z-main-LM3D/score_diagnostic/score_scale_summary.json","核对LM3D研究卡、台账、入口状态、formal partial汇总、评分诊断摘要和当前进程是否一致","确认LM3D状态为active且formal为10/32；summary、实验台账和入口一致；当前无LM3D残留进程，运行中的是A23稳健性回测；建议补记本台账行","EX-20260606T012550Z-main-LM3D","","completed","main","low","2026-06-06T07:00:00Z","本次子代理只做状态和路径核对：LM3D仍是10/32的部分正式结果，后续可继续补跑缺口，但不能据此做Top4或25天化结论。"
"SUB-20260606T083500Z-LM3D-CONFIG-AUDIT","SUBTASK-20260606T083500Z-LM3D-TOP4-CONFIG-CHECK","Mill","gpt-5.3-codex-spark","main","E:/量化平台_V1.4.0/configs/research/RD-20260605T115651Z-main-CORE/EX-20260606T012550Z-main-LM3D/ann250_top4_equal/;E:/量化平台_V1.4.0/configs/research/RD-20260605T115651Z-main-CORE/EX-20260606T012550Z-main-LM3D/ann250_top4_40302010/;E:/量化平台_V1.4.0/configs/research/RD-20260605T115651Z-main-CORE/EX-20260606T012550Z-main-LM3D/ann25_top4_40302010/;E:/量化平台_V1.4.0/results/v2/research/RD-20260605T115651Z-main-CORE/EX-20260606T012550Z-main-LM3D/summary/formal_partial/summary.json","核对Top4等权、Top4 40/30/20/10和ann25 Top4 40/30/20/10共12个formal配置及当前输出覆盖","确认12个json均存在且关键字段一致；当时ann250_top4_equal为3/4有summary，另外两组尚未启动；建议继续让批次跑完","EX-20260606T012550Z-main-LM3D","","completed","main","low","2026-06-06T08:35:00Z","本次子代理只做配置和覆盖核对：Top4矩阵缺口来自回测进度，不是配置缺失；主控继续跑40/30/20/10主验证。"
"SUB-20260606T112000Z-main-OHM1","SUBTASK-20260606T112000Z-main-V2SPEC_子查_V2规范与子代理门禁复核","Ohm","OpenAI GPT-5（Codex）","main","AGENTS.md;README.md;08_方法论/子代理调度规范.md;08_方法论/命名与编号规范.md;08_方法论/平台协作规范.md;10_模板/实验记录模板.md;10_模板/研究决策模板.md;00_入口/研究驾驶舱.md;00_入口/当前状态.md","只读核对V2.0.0项目规范，重点核对子代理调用、记录、禁止事项和LM3D/A23合规继续方式","确认本库默认优先调用子代理，影响实验/决策/驾驶舱/平台路径的调用需写入正文和子代理台账；回测必须WSL可见执行并保留后台豁免记录；A23须等待LM3D资源释放","EX-20260606T012550Z-main-LM3D;EX-20260606T075615Z-main-LVV7","","completed","main","low","2026-06-06T11:20:00Z","本次子代理只做规范复核；主控采纳规范引用和记录要求，不采纳其已被实际调用推翻的工具环境误判。"
"SUB-20260606T133419Z-main-7KQ2","SUBTASK-20260606T133419Z-main-R5N1_子查_五方向证据映射","Mencius","gpt-5.3-codex-spark","main","README.md;00_入口/研究驾驶舱.md;00_入口/当前状态.md;08_方法论/命名与编号规范.md;08_方法论/研究方法论.md;08_方法论/研究质量审计规范.md","尝试把用户五方向映射到研究库已有资产","远端压缩失败，未产生可采纳交付","EX-20260606T134047Z-main-HPHZ","","errored","main","medium","2026-06-06T13:34:19Z","本次子代理因上下文过长失败；主控未采纳其输出，并将任务缩窄后重试。"
"SUB-20260606T133600Z-main-7KQ2","SUBTASK-20260606T133600Z-main-R5N1_子查_五方向证据映射精简","Dalton","gpt-5.3-codex-spark","main","研究库五方向相关文件检索任务","精简重试五方向证据映射","子代理上下文窗口耗尽，未产生可采纳交付","EX-20260606T134047Z-main-HPHZ","","errored","main","medium","2026-06-06T13:36:00Z","精简重试仍失败；主控停止重复派发同类任务，改为本地核对并记录风险。"
"SUB-20260606T133419Z-main-B8M4","SUBTASK-20260606T133419Z-main-H8C2_子查_平台双池资产盘点","Faraday","gpt-5.3-codex-spark","main","E:/【笔记库】/量化研究库_V2.0.0/AGENTS.md;E:/量化平台_V1.4.0/AGENTS.md;E:/量化平台_V1.4.0/docs/AGENT_RULES.md;E:/量化平台_V1.4.0/src/strategies/research/etf_dual_pool_topn_vol_scaled.py;E:/量化平台_V1.4.0/src/strategies/research/etf_dual_pool_market_state_logger.py;E:/量化平台_V1.4.0/src/strategies/research/etf_dual_pool_r010b_action_ablation.py;E:/量化平台_V1.4.0/scripts/research/analyze_r010a16_hot_state_panel.py;E:/量化平台_V1.4.0/scripts/research/analyze_r010a18_asset_class_label_audit.py;E:/量化平台_V1.4.0/scripts/research/summarize_r010a23_full_robustness.py","盘点平台中与五方向相关的代码、配置、脚本和结果资产；不运行回测","确认五方向均有可复用平台资产且多数无需基础实现；A23/LVV7的cap_cost与full_robustness未构成全网格闭环，不能直接用于决策升级","EX-20260606T134047Z-main-HPHZ","","completed","main","medium","2026-06-06T13:34:19Z","本次子代理只做平台资产盘点；支持首轮路线复用已有脚本和配置，但不支持任何策略结论升级。"
"SUB-20260606T133419Z-main-P5RD","SUBTASK-20260606T133419Z-main-M9V6_子研_首轮研究路线草案","Carson","gpt-5.4","main","README.md;00_入口/研究驾驶舱.md;00_入口/当前状态.md;08_方法论/研究方法论.md;08_方法论/研究质量审计规范.md;02_研究方向/RD-20260605T133318Z-main-H6V3_双池轮动score过热拥挤机制模块.md;04_实验记录/EX-20260606T075615Z-main-LVV7_A23完整邻域与cap成本稳健性补证.md;04_实验记录/EX-20260605T133336Z-main-DMB9_资产属性标签审计与hard5事件拆分.md;04_实验记录/EX-20260605T135028Z-main-76GD_score大于5过滤状态面板诊断.md","基于当前证据草拟五方向首轮独立研究路线","建议资产属性分层、多周期动量、动量崩盘先只读诊断；TopN抗抖可先formal；波动率仓位等待A23/LVV7补证","EX-20260606T134047Z-main-HPHZ","","completed","main","medium","2026-06-06T13:34:19Z","本次子研只做路线草案；主控采纳其模块化顺序和边界，不采纳为最终策略有效性判断。"
