"File","ExId","Status","RD","DEC","Title","Path"
"EX-20260521T000000Z-mig-R2026052100171186_R20260521-001ETF双池波动率缩放仓位.md","","","","",,"E:\【笔记库】\量化研究库_V2.0.0\04_实验记录\EX-20260521T000000Z-mig-R2026052100171186_R20260521-001ETF双池波动率缩放仓位.md"
"EX-20260521T000000Z-mig-R20260521002E8F95_R20260521-002ETF双池条件触发波动率风控.md","","","","",,"E:\【笔记库】\量化研究库_V2.0.0\04_实验记录\EX-20260521T000000Z-mig-R20260521002E8F95_R20260521-002ETF双池条件触发波动率风控.md"
"EX-20260521T000000Z-mig-R2026052100335636_R20260521-003ETF双池目标ETF自身急跌风控.md","","","","",,"E:\【笔记库】\量化研究库_V2.0.0\04_实验记录\EX-20260521T000000Z-mig-R2026052100335636_R20260521-003ETF双池目标ETF自身急跌风控.md"
"EX-20260521T000000Z-mig-R202605210046E43A_R20260521-004ETF双池自身急跌排序惩罚.md","","","","",,"E:\【笔记库】\量化研究库_V2.0.0\04_实验记录\EX-20260521T000000Z-mig-R202605210046E43A_R20260521-004ETF双池自身急跌排序惩罚.md"
"EX-20260521T000000Z-mig-R20260521005BE7AC_R20260521-005ETF双池Top5绝对动量准入防守.md","","","","",,"E:\【笔记库】\量化研究库_V2.0.0\04_实验记录\EX-20260521T000000Z-mig-R20260521005BE7AC_R20260521-005ETF双池Top5绝对动量准入防守.md"
"EX-20260521T000000Z-mig-R202605210069BE6D_R20260521-006ETF双池动量质量因子准入.md","","","","",,"E:\【笔记库】\量化研究库_V2.0.0\04_实验记录\EX-20260521T000000Z-mig-R202605210069BE6D_R20260521-006ETF双池动量质量因子准入.md"
"EX-20260521T000000Z-mig-R20260521006GOV174B0_I20260521-007动量质量因子准入.md","","","","",,"E:\【笔记库】\量化研究库_V2.0.0\04_实验记录\EX-20260521T000000Z-mig-R20260521006GOV174B0_I20260521-007动量质量因子准入.md"
"EX-20260521T000000Z-mig-R20260521007B9B96_R20260521-007平滑上涨参数稳定性与样本外验证.md","","","","",,"E:\【笔记库】\量化研究库_V2.0.0\04_实验记录\EX-20260521T000000Z-mig-R20260521007B9B96_R20260521-007平滑上涨参数稳定性与样本外验证.md"
"EX-20260521T000000Z-mig-R20260521008A7A63_R20260521-008平滑上涨w80q045多周期样本外验证.md","","","","",,"E:\【笔记库】\量化研究库_V2.0.0\04_实验记录\EX-20260521T000000Z-mig-R20260521008A7A63_R20260521-008平滑上涨w80q045多周期样本外验证.md"
"EX-20260521T000000Z-mig-R20260521009CE522_R20260521-009平滑上涨软排序实验.md","","","","",,"E:\【笔记库】\量化研究库_V2.0.0\04_实验记录\EX-20260521T000000Z-mig-R20260521009CE522_R20260521-009平滑上涨软排序实验.md"
"EX-20260522T000000Z-mig-R20260522010691E3_R20260522-010ETF双池轮动适用市场环境归因.md","","","","",,"E:\【笔记库】\量化研究库_V2.0.0\04_实验记录\EX-20260522T000000Z-mig-R20260522010691E3_R20260522-010ETF双池轮动适用市场环境归因.md"
"EX-20260522T000000Z-mig-R202605220118C2A9_R20260522-011市场状态识别文献库与R010设计.md","","","","",,"E:\【笔记库】\量化研究库_V2.0.0\04_实验记录\EX-20260522T000000Z-mig-R202605220118C2A9_R20260522-011市场状态识别文献库与R010设计.md"
"EX-20260522T000000Z-mig-R202605220127CB6E_R20260522-012市场状态识别方法库建设.md","","","","",,"E:\【笔记库】\量化研究库_V2.0.0\04_实验记录\EX-20260522T000000Z-mig-R202605220127CB6E_R20260522-012市场状态识别方法库建设.md"
"EX-20260523T000000Z-mig-R202605230131EEE2_R20260523-013R010-A市场状态识别规格书与接口设计.md","","","","",,"E:\【笔记库】\量化研究库_V2.0.0\04_实验记录\EX-20260523T000000Z-mig-R202605230131EEE2_R20260523-013R010-A市场状态识别规格书与接口设计.md"
"EX-20260523T000000Z-mig-S202605230011898F_S20260523-001小市值日内做T11年回撤归因分析.md","","","","",,"E:\【笔记库】\量化研究库_V2.0.0\04_实验记录\EX-20260523T000000Z-mig-S202605230011898F_S20260523-001小市值日内做T11年回撤归因分析.md"
"EX-20260523T000000Z-mig-S2026052300264EF6_S20260523-002复利年化100%+最大回撤20%（无杠杆）目标可行性评估.md","","","","",,"E:\【笔记库】\量化研究库_V2.0.0\04_实验记录\EX-20260523T000000Z-mig-S2026052300264EF6_S20260523-002复利年化100%+最大回撤20%（无杠杆）目标可行性评估.md"
"EX-20260529T000000Z-mig-R202605290143E871_R20260529-014ETF双池全向防阴跌模块初测.md","","","","",,"E:\【笔记库】\量化研究库_V2.0.0\04_实验记录\EX-20260529T000000Z-mig-R202605290143E871_R20260529-014ETF双池全向防阴跌模块初测.md"
"EX-20260530T000000Z-mig-R20260530015AD411_R20260530-015原策略阴跌v2二元KillSwitch复现—KILL.md","","","","",,"E:\【笔记库】\量化研究库_V2.0.0\04_实验记录\EX-20260530T000000Z-mig-R20260530015AD411_R20260530-015原策略阴跌v2二元KillSwitch复现—KILL.md"
"EX-20260530T000000Z-mig-R202605300163B929_R20260530-016R010-A市场状态日志首轮实现.md","","","","",,"E:\【笔记库】\量化研究库_V2.0.0\04_实验记录\EX-20260530T000000Z-mig-R202605300163B929_R20260530-016R010-A市场状态日志首轮实现.md"
"EX-20260530T000000Z-mig-R20260530017F49CB_R20260530-017ETF双池Top5绝对动量2022复核.md","","","","",,"E:\【笔记库】\量化研究库_V2.0.0\04_实验记录\EX-20260530T000000Z-mig-R20260530017F49CB_R20260530-017ETF双池Top5绝对动量2022复核.md"
"EX-20260530T000000Z-mig-R20260530018AF185_R20260530-018ETF双池回撤归因与防守触发源分析.md","","","","",,"E:\【笔记库】\量化研究库_V2.0.0\04_实验记录\EX-20260530T000000Z-mig-R20260530018AF185_R20260530-018ETF双池回撤归因与防守触发源分析.md"
"EX-20260530T000000Z-mig-R2026053001929DC0_R20260530-019ETF双池池内动量衰竭状态日志.md","","","","",,"E:\【笔记库】\量化研究库_V2.0.0\04_实验记录\EX-20260530T000000Z-mig-R2026053001929DC0_R20260530-019ETF双池池内动量衰竭状态日志.md"
"EX-20260530T000000Z-mig-R20260530020A41379_R010-B分段恢复记录.md","","","","",,"E:\【笔记库】\量化研究库_V2.0.0\04_实验记录\EX-20260530T000000Z-mig-R20260530020A41379_R010-B分段恢复记录.md"
"EX-20260530T000000Z-mig-R20260530020B9CD4_R20260530-020R010B分级防守动作日志实现.md","","","","",,"E:\【笔记库】\量化研究库_V2.0.0\04_实验记录\EX-20260530T000000Z-mig-R20260530020B9CD4_R20260530-020R010B分级防守动作日志实现.md"
"EX-20260530T000000Z-mig-R20260530021A0513_R20260530-021R010B1动作消融首轮实现.md","","","","",,"E:\【笔记库】\量化研究库_V2.0.0\04_实验记录\EX-20260530T000000Z-mig-R20260530021A0513_R20260530-021R010B1动作消融首轮实现.md"
"EX-20260531T000000Z-mig-R20260531022FBCDE_R20260531-022R010C动作启动信号诊断与重构.md","","","","",,"E:\【笔记库】\量化研究库_V2.0.0\04_实验记录\EX-20260531T000000Z-mig-R20260531022FBCDE_R20260531-022R010C动作启动信号诊断与重构.md"
"EX-20260531T000000Z-mig-R20260531023034D3_R20260531-023R010C1A0失速预警日志层首轮.md","","","","",,"E:\【笔记库】\量化研究库_V2.0.0\04_实验记录\EX-20260531T000000Z-mig-R20260531023034D3_R20260531-023R010C1A0失速预警日志层首轮.md"
"EX-20260531T000000Z-mig-R202605310243C468_R20260531-024R010DA1风险层启动方式重估.md","","","","",,"E:\【笔记库】\量化研究库_V2.0.0\04_实验记录\EX-20260531T000000Z-mig-R202605310243C468_R20260531-024R010DA1风险层启动方式重估.md"
"EX-20260531T000000Z-mig-R20260531025E9D88_R20260531-025R010E条件抗抖首轮.md","","","","",,"E:\【笔记库】\量化研究库_V2.0.0\04_实验记录\EX-20260531T000000Z-mig-R20260531025E9D88_R20260531-025R010E条件抗抖首轮.md"
"EX-20260601T000000Z-mig-R20260601027BA5D5_R20260601-027R026B-light-cap90离线实验预注册.md","","","","",,"E:\【笔记库】\量化研究库_V2.0.0\04_实验记录\EX-20260601T000000Z-mig-R20260601027BA5D5_R20260601-027R026B-light-cap90离线实验预注册.md"
"EX-20260601T000000Z-mig-R2026060102845A88_R20260601-028B3-gate误拦截Top1斜率放松预注册.md","","","","",,"E:\【笔记库】\量化研究库_V2.0.0\04_实验记录\EX-20260601T000000Z-mig-R2026060102845A88_R20260601-028B3-gate误拦截Top1斜率放松预注册.md"
"EX-20260601T000000Z-mig-R20260601028R010B405D28_R20260601-028R010B4B3Gate强度分层研究.md","","","","",,"E:\【笔记库】\量化研究库_V2.0.0\04_实验记录\EX-20260601T000000Z-mig-R20260601028R010B405D28_R20260601-028R010B4B3Gate强度分层研究.md"
"EX-20260601T000000Z-mig-R20260601029R010B4TIEREDBD1A7_R20260601-029R010B4B3Gate强度分层TieredV2预注册.md","","","","",,"E:\【笔记库】\量化研究库_V2.0.0\04_实验记录\EX-20260601T000000Z-mig-R20260601029R010B4TIEREDBD1A7_R20260601-029R010B4B3Gate强度分层TieredV2预注册.md"
"EX-20260602T000000Z-mig-R20260602030R020A2021GAPEE638_R20260602-030R020A2021慢性失速只读标签审计.md","","","","",,"E:\【笔记库】\量化研究库_V2.0.0\04_实验记录\EX-20260602T000000Z-mig-R20260602030R020A2021GAPEE638_R20260602-030R020A2021慢性失速只读标签审计.md"
"EX-20260602T000000Z-mig-R20260602031R020AWATCHLA58A1D_R20260602-031R020A只读标签独立窗口外推审计.md","","","","",,"E:\【笔记库】\量化研究库_V2.0.0\04_实验记录\EX-20260602T000000Z-mig-R20260602031R020AWATCHLA58A1D_R20260602-031R020A只读标签独立窗口外推审计.md"
"EX-20260602T000000Z-mig-R20260602032R020BSINGLEL341C9_R20260602-032R020B单项只读标签拆解与触发器边界.md","","","","",,"E:\【笔记库】\量化研究库_V2.0.0\04_实验记录\EX-20260602T000000Z-mig-R20260602032R020BSINGLEL341C9_R20260602-032R020B单项只读标签拆解与触发器边界.md"
"EX-20260602T000000Z-mig-R20260602033R010B2A2SECO816D2_R20260602-033R010B2A2二级观察门控稳定性复核.md","","","","",,"E:\【笔记库】\量化研究库_V2.0.0\04_实验记录\EX-20260602T000000Z-mig-R20260602033R010B2A2SECO816D2_R20260602-033R010B2A2二级观察门控稳定性复核.md"
"EX-20260602T000000Z-mig-R20260602034M001MULTISTR23132_R20260602-034M001多策略状态归因输入清单审计.md","","","","",,"E:\【笔记库】\量化研究库_V2.0.0\04_实验记录\EX-20260602T000000Z-mig-R20260602034M001MULTISTR23132_R20260602-034M001多策略状态归因输入清单审计.md"
"EX-20260602T000000Z-mig-R20260602035M002ETFFAMILC9A62_R20260602-035M002ETF族状态归因首轮.md","","","","",,"E:\【笔记库】\量化研究库_V2.0.0\04_实验记录\EX-20260602T000000Z-mig-R20260602035M002ETFFAMILC9A62_R20260602-035M002ETF族状态归因首轮.md"
"EX-20260602T000000Z-mig-R20260602036M003NONETFEQ9CBB6_R20260602-036M003非ETF可比净值候选发现审计.md","","","","",,"E:\【笔记库】\量化研究库_V2.0.0\04_实验记录\EX-20260602T000000Z-mig-R20260602036M003NONETFEQ9CBB6_R20260602-036M003非ETF可比净值候选发现审计.md"
"EX-20260602T000000Z-mig-R20260602037M004NONETFFUAE5C7_R20260602-037M004非ETF全周期基准净值补齐预注册.md","","","","",,"E:\【笔记库】\量化研究库_V2.0.0\04_实验记录\EX-20260602T000000Z-mig-R20260602037M004NONETFFUAE5C7_R20260602-037M004非ETF全周期基准净值补齐预注册.md"
"EX-20260602T000000Z-mig-R20260602038M004SMALLCAPBA40D_R20260602-038M004小市值四段长测预注册.md","","","","",,"E:\【笔记库】\量化研究库_V2.0.0\04_实验记录\EX-20260602T000000Z-mig-R20260602038M004SMALLCAPBA40D_R20260602-038M004小市值四段长测预注册.md"
"EX-20260602T000000Z-mig-R20260602039M004SMALLCAP49B5A_R20260602-039M004小市值状态归因预注册.md","","","","",,"E:\【笔记库】\量化研究库_V2.0.0\04_实验记录\EX-20260602T000000Z-mig-R20260602039M004SMALLCAP49B5A_R20260602-039M004小市值状态归因预注册.md"
"EX-20260602T000000Z-mig-R20260602040M005SMALLCAP06C5C_R20260602-040M005小盘专用状态标签预注册.md","","","","",,"E:\【笔记库】\量化研究库_V2.0.0\04_实验记录\EX-20260602T000000Z-mig-R20260602040M005SMALLCAP06C5C_R20260602-040M005小盘专用状态标签预注册.md"
"EX-20260602T000000Z-mig-R20260602041M006SMALLCAP55C41_R20260602-041M006小盘SchemaOnly指标只读覆盖率审计预注册与首轮完成.md","","","","",,"E:\【笔记库】\量化研究库_V2.0.0\04_实验记录\EX-20260602T000000Z-mig-R20260602041M006SMALLCAP55C41_R20260602-041M006小盘SchemaOnly指标只读覆盖率审计预注册与首轮完成.md"
"EX-20260602T000000Z-mig-R20260602042M007SMALLCAP316A0_R20260602-042M007小盘专用状态标签构造与R039面板归因预注册.md","","","","",,"E:\【笔记库】\量化研究库_V2.0.0\04_实验记录\EX-20260602T000000Z-mig-R20260602042M007SMALLCAP316A0_R20260602-042M007小盘专用状态标签构造与R039面板归因预注册.md"
"EX-20260602T000000Z-mig-R20260602043R010B579B9A_R20260602-043R010B5组合回撤预算动态缩放预注册与代理审计.md","","","","",,"E:\【笔记库】\量化研究库_V2.0.0\04_实验记录\EX-20260602T000000Z-mig-R20260602043R010B579B9A_R20260602-043R010B5组合回撤预算动态缩放预注册与代理审计.md"
"EX-20260602T000000Z-mig-R20260602044R010B5R1F6278_R20260602-044R010B5R1非线性组合回撤预算预注册与代理审计.md","","","","",,"E:\【笔记库】\量化研究库_V2.0.0\04_实验记录\EX-20260602T000000Z-mig-R20260602044R010B5R1F6278_R20260602-044R010B5R1非线性组合回撤预算预注册与代理审计.md"
"EX-20260602T000000Z-mig-R20260602045R010B5R2EA305_R20260602-045R010B5R2非线性回撤预算真实路径2024Smoke.md","","","","",,"E:\【笔记库】\量化研究库_V2.0.0\04_实验记录\EX-20260602T000000Z-mig-R20260602045R010B5R2EA305_R20260602-045R010B5R2非线性回撤预算真实路径2024Smoke.md"
"EX-20260602T000000Z-mig-R20260602046R010B5R37ED93_R20260602-046R010B5R3非线性回撤预算参数敏感性与成本扰动预注册.md","","","","",,"E:\【笔记库】\量化研究库_V2.0.0\04_实验记录\EX-20260602T000000Z-mig-R20260602046R010B5R37ED93_R20260602-046R010B5R3非线性回撤预算参数敏感性与成本扰动预注册.md"
"EX-20260602T000000Z-mig-R20260602047R010B5R4B8F95_R20260602-047R010B5R4非线性回撤预算默认关闭影子观察预注册.md","","","","",,"E:\【笔记库】\量化研究库_V2.0.0\04_实验记录\EX-20260602T000000Z-mig-R20260602047R010B5R4B8F95_R20260602-047R010B5R4非线性回撤预算默认关闭影子观察预注册.md"
"EX-20260603T000000Z-mig-R20260603048R010B5R514C00_R20260603-048R010B5R5非线性回撤预算严格Counterfactual预注册.md","","","","",,"E:\【笔记库】\量化研究库_V2.0.0\04_实验记录\EX-20260603T000000Z-mig-R20260603048R010B5R514C00_R20260603-048R010B5R5非线性回撤预算严格Counterfactual预注册.md"
"EX-20260603T000000Z-mig-R20260603049R010B5R5R161773_R20260603-049R010B5R5R1非线性回撤预算失败归因与公式修订预注册.md","","","","",,"E:\【笔记库】\量化研究库_V2.0.0\04_实验记录\EX-20260603T000000Z-mig-R20260603049R010B5R5R161773_R20260603-049R010B5R5R1非线性回撤预算失败归因与公式修订预注册.md"
"EX-20260603T000000Z-mig-R20260603050R010B5R5R253641_R20260603-050R010B5R5R2事件环境字段日志补全预注册.md","","","","",,"E:\【笔记库】\量化研究库_V2.0.0\04_实验记录\EX-20260603T000000Z-mig-R20260603050R010B5R5R253641_R20260603-050R010B5R5R2事件环境字段日志补全预注册.md"
"EX-20260603T000000Z-mig-R20260603051R010B5R5R22B6B7_R20260603-051R010B5R5R2新Shadow样本复核与环境归因.md","","","","",,"E:\【笔记库】\量化研究库_V2.0.0\04_实验记录\EX-20260603T000000Z-mig-R20260603051R010B5R5R22B6B7_R20260603-051R010B5R5R2新Shadow样本复核与环境归因.md"
"EX-20260603T000000Z-mig-R20260603052ACB6B_R20260603-052R010B5R5R3低MedianRet条件预注册与只读复核.md","","","","",,"E:\【笔记库】\量化研究库_V2.0.0\04_实验记录\EX-20260603T000000Z-mig-R20260603052ACB6B_R20260603-052R010B5R5R3低MedianRet条件预注册与只读复核.md"
"EX-20260603T000000Z-mig-R202606030533457F_R20260603-053R010B5R5R4低MedianRet现有结果交叉复核与新增样本外预注册.md","","","","",,"E:\【笔记库】\量化研究库_V2.0.0\04_实验记录\EX-20260603T000000Z-mig-R202606030533457F_R20260603-053R010B5R5R4低MedianRet现有结果交叉复核与新增样本外预注册.md"
"EX-20260603T000000Z-mig-R2026060305476DDA_R20260603-054R010B5S1非线性仓位公式组件映射与证伪路线预注册.md","","","","",,"E:\【笔记库】\量化研究库_V2.0.0\04_实验记录\EX-20260603T000000Z-mig-R2026060305476DDA_R20260603-054R010B5S1非线性仓位公式组件映射与证伪路线预注册.md"
"EX-20260603T000000Z-mig-R202606030554B305_R20260603-055R010B5S2波动率项与资金曲线状态组件级只读审计预注册.md","","","","",,"E:\【笔记库】\量化研究库_V2.0.0\04_实验记录\EX-20260603T000000Z-mig-R202606030554B305_R20260603-055R010B5S2波动率项与资金曲线状态组件级只读审计预注册.md"
"EX-20260603T000000Z-mig-R20260603056F80E0_R20260603-056R010B5S3波动率状态与资金曲线修复组件诊断预注册.md","","","","",,"E:\【笔记库】\量化研究库_V2.0.0\04_实验记录\EX-20260603T000000Z-mig-R20260603056F80E0_R20260603-056R010B5S3波动率状态与资金曲线修复组件诊断预注册.md"
"EX-20260603T000000Z-mig-R20260603057D782D_R20260603-057R010B5S4滚动波动率中位参考分组前向样本可用性审计.md","","","","",,"E:\【笔记库】\量化研究库_V2.0.0\04_实验记录\EX-20260603T000000Z-mig-R20260603057D782D_R20260603-057R010B5S4滚动波动率中位参考分组前向样本可用性审计.md"
"EX-20260604T000000Z-mig-R202606040588511A_R20260604-058R010A4进攻端状态门控平滑软排序实验.md","","","","",,"E:\【笔记库】\量化研究库_V2.0.0\04_实验记录\EX-20260604T000000Z-mig-R202606040588511A_R20260604-058R010A4进攻端状态门控平滑软排序实验.md"
"EX-20260604T000000Z-mig-R202606040597F143_R20260604-059R010A4进攻软排序字段与实现可用性审计.md","","","","",,"E:\【笔记库】\量化研究库_V2.0.0\04_实验记录\EX-20260604T000000Z-mig-R202606040597F143_R20260604-059R010A4进攻软排序字段与实现可用性审计.md"
"EX-20260604T000000Z-mig-R20260604060DB364_R20260604-060R010A4R1进攻软排序默认关闭实现审计.md","","","","",,"E:\【笔记库】\量化研究库_V2.0.0\04_实验记录\EX-20260604T000000Z-mig-R20260604060DB364_R20260604-060R010A4R1进攻软排序默认关闭实现审计.md"
"EX-20260604T000000Z-mig-R202606040610B5CB_R20260604-061R010A4S2进攻软排序2024Smoke行为审计.md","","","","",,"E:\【笔记库】\量化研究库_V2.0.0\04_实验记录\EX-20260604T000000Z-mig-R202606040610B5CB_R20260604-061R010A4S2进攻软排序2024Smoke行为审计.md"
"EX-20260604T000000Z-mig-R20260604062E3353_R20260604-062R010A4S3进攻软排序近失效归因.md","","","","",,"E:\【笔记库】\量化研究库_V2.0.0\04_实验记录\EX-20260604T000000Z-mig-R20260604062E3353_R20260604-062R010A4S3进攻软排序近失效归因.md"
"EX-20260604T000000Z-mig-R20260604063D3D73_R20260604-063R010A4S4Top1替换质量标签只读发现.md","","","","",,"E:\【笔记库】\量化研究库_V2.0.0\04_实验记录\EX-20260604T000000Z-mig-R20260604063D3D73_R20260604-063R010A4S4Top1替换质量标签只读发现.md"
"EX-20260604T000000Z-mig-R20260604064A93C5_R20260604-064R010A4S5Top1近端衰竭替换2024Smoke审计.md","","","","",,"E:\【笔记库】\量化研究库_V2.0.0\04_实验记录\EX-20260604T000000Z-mig-R20260604064A93C5_R20260604-064R010A4S5Top1近端衰竭替换2024Smoke审计.md"
"EX-20260604T000000Z-mig-R202606040650312D_R20260604-065R010A4S5OOS默认关闭验证.md","","","","",,"E:\【笔记库】\量化研究库_V2.0.0\04_实验记录\EX-20260604T000000Z-mig-R202606040650312D_R20260604-065R010A4S5OOS默认关闭验证.md"
"EX-20260604T000000Z-mig-R202606040660711D_R20260604-066R010A4S6S5失败归因只读审计.md","","","","",,"E:\【笔记库】\量化研究库_V2.0.0\04_实验记录\EX-20260604T000000Z-mig-R202606040660711D_R20260604-066R010A4S6S5失败归因只读审计.md"
"EX-20260604T000000Z-mig-R2026060406780AD6_R20260604-067R010A5A2换仓失败归因只读审计.md","","","","",,"E:\【笔记库】\量化研究库_V2.0.0\04_实验记录\EX-20260604T000000Z-mig-R2026060406780AD6_R20260604-067R010A5A2换仓失败归因只读审计.md"
"EX-20260604T000000Z-mig-R202606040685CEBD_R20260604-068R010A6过滤层稀薄防抖2024Smoke否决.md","","","","",,"E:\【笔记库】\量化研究库_V2.0.0\04_实验记录\EX-20260604T000000Z-mig-R202606040685CEBD_R20260604-068R010A6过滤层稀薄防抖2024Smoke否决.md"
"EX-20260604T000000Z-mig-R2026060406878BFA_R20260604-068日内成交头重脚轻假设只读验证预注册.md","","","","",,"E:\【笔记库】\量化研究库_V2.0.0\04_实验记录\EX-20260604T000000Z-mig-R2026060406878BFA_R20260604-068日内成交头重脚轻假设只读验证预注册.md"
"EX-20260604T000000Z-mig-R2026060406931791_R20260604-069执行窗口VWAP容量冲击反事实预注册.md","","","","",,"E:\【笔记库】\量化研究库_V2.0.0\04_实验记录\EX-20260604T000000Z-mig-R2026060406931791_R20260604-069执行窗口VWAP容量冲击反事实预注册.md"
"EX-20260604T000000Z-mig-R20260604070EA2A6_R20260604-070ETF专项执行窗口分层只读分析.md","","","","",,"E:\【笔记库】\量化研究库_V2.0.0\04_实验记录\EX-20260604T000000Z-mig-R20260604070EA2A6_R20260604-070ETF专项执行窗口分层只读分析.md"
"EX-20260604T000000Z-mig-R20260604071C7EC3_R20260604-071ETF双池买卖时机独立反事实预注册.md","","","","",,"E:\【笔记库】\量化研究库_V2.0.0\04_实验记录\EX-20260604T000000Z-mig-R20260604071C7EC3_R20260604-071ETF双池买卖时机独立反事实预注册.md"
"EX-20260604T000000Z-mig-R20260604072DE8A7_R20260604-072ETF双池13091310时点机制归因预注册.md","","","","",,"E:\【笔记库】\量化研究库_V2.0.0\04_实验记录\EX-20260604T000000Z-mig-R20260604072DE8A7_R20260604-072ETF双池13091310时点机制归因预注册.md"
"EX-20260604T000000Z-mig-R20260604073F111B_R20260604-073R010A6S3保持旧仓失败触发簇只读归因.md","","","","",,"E:\【笔记库】\量化研究库_V2.0.0\04_实验记录\EX-20260604T000000Z-mig-R20260604073F111B_R20260604-073R010A6S3保持旧仓失败触发簇只读归因.md"
"EX-20260604T000000Z-mig-R2026060407497F21_R20260604-074R010A7过滤层稀薄替代目标只读验证.md","","","","",,"E:\【笔记库】\量化研究库_V2.0.0\04_实验记录\EX-20260604T000000Z-mig-R2026060407497F21_R20260604-074R010A7过滤层稀薄替代目标只读验证.md"
"EX-20260604T000000Z-mig-R20260604075E9A24_R20260604-075R010A8过滤层稀薄状态分层只读发现.md","","","","",,"E:\【笔记库】\量化研究库_V2.0.0\04_实验记录\EX-20260604T000000Z-mig-R20260604075E9A24_R20260604-075R010A8过滤层稀薄状态分层只读发现.md"
"EX-20260605T000000Z-mig-R2026060507681C94_R20260605-076R010A9过滤层稀薄Top3替代真实路径多段验证.md","","","","",,"E:\【笔记库】\量化研究库_V2.0.0\04_实验记录\EX-20260605T000000Z-mig-R2026060507681C94_R20260605-076R010A9过滤层稀薄Top3替代真实路径多段验证.md"
"EX-20260605T000000Z-mig-R202606050779AFBB_R20260605-077R010A9S4高热度窄主线热分支2024Smoke否决.md","","","","",,"E:\【笔记库】\量化研究库_V2.0.0\04_实验记录\EX-20260605T000000Z-mig-R202606050779AFBB_R20260605-077R010A9S4高热度窄主线热分支2024Smoke否决.md"
"EX-20260605T000000Z-mig-R2026060507889967_R20260605-078R010A9S3已触发负贡献归因与审计字段增强.md","","","","",,"E:\【笔记库】\量化研究库_V2.0.0\04_实验记录\EX-20260605T000000Z-mig-R2026060507889967_R20260605-078R010A9S3已触发负贡献归因与审计字段增强.md"
"EX-20260605T000000Z-mig-R202606050799B34C_R20260605-079R010A9S3Shadow2024Smoke交易隔离通过.md","","","","",,"E:\【笔记库】\量化研究库_V2.0.0\04_实验记录\EX-20260605T000000Z-mig-R202606050799B34C_R20260605-079R010A9S3Shadow2024Smoke交易隔离通过.md"
"EX-20260605T000000Z-mig-R2026060508099410_R20260605-080R010A9S3Shadow多分段Smoke交易隔离通过.md","","","","",,"E:\【笔记库】\量化研究库_V2.0.0\04_实验记录\EX-20260605T000000Z-mig-R2026060508099410_R20260605-080R010A9S3Shadow多分段Smoke交易隔离通过.md"
"EX-20260605T000000Z-mig-R202606050812A784_R20260605-081R010A9S3Shadow四分段全覆盖交易隔离通过.md","","","","",,"E:\【笔记库】\量化研究库_V2.0.0\04_实验记录\EX-20260605T000000Z-mig-R202606050812A784_R20260605-081R010A9S3Shadow四分段全覆盖交易隔离通过.md"
"EX-20260605T000000Z-mig-R202606050828E097_R20260605-082R010A9S3十五触发成交可用性与扣成本复核.md","","","","",,"E:\【笔记库】\量化研究库_V2.0.0\04_实验记录\EX-20260605T000000Z-mig-R202606050828E097_R20260605-082R010A9S3十五触发成交可用性与扣成本复核.md"
"EX-20260605T000000Z-mig-R20260605083B8CDE_R20260605-083R010A9S3预可见容量护栏只读评估.md","","","","",,"E:\【笔记库】\量化研究库_V2.0.0\04_实验记录\EX-20260605T000000Z-mig-R20260605083B8CDE_R20260605-083R010A9S3预可见容量护栏只读评估.md"
"EX-20260605T000000Z-mig-R202606050844E399_R20260605-084R010A9S5预可见容量护栏Shadow四分段验证.md","","","","",,"E:\【笔记库】\量化研究库_V2.0.0\04_实验记录\EX-20260605T000000Z-mig-R202606050844E399_R20260605-084R010A9S5预可见容量护栏Shadow四分段验证.md"
"EX-20260605T000000Z-mig-R20260605085B7521_R20260605-085R010A9S5放行事件Live-Readiness只读审计.md","","","","",,"E:\【笔记库】\量化研究库_V2.0.0\04_实验记录\EX-20260605T000000Z-mig-R20260605085B7521_R20260605-085R010A9S5放行事件Live-Readiness只读审计.md"
"EX-20260605T000000Z-mig-R202606050866BB8C_R20260605-086R010A9S5二级护栏候选只读发现.md","","","","",,"E:\【笔记库】\量化研究库_V2.0.0\04_实验记录\EX-20260605T000000Z-mig-R202606050866BB8C_R20260605-086R010A9S5二级护栏候选只读发现.md"
"EX-20260605T000000Z-mig-R202606050878B552_R20260605-087R010A9S6二级护栏Default-OffShadow四分段验证.md","","","","",,"E:\【笔记库】\量化研究库_V2.0.0\04_实验记录\EX-20260605T000000Z-mig-R202606050878B552_R20260605-087R010A9S6二级护栏Default-OffShadow四分段验证.md"
"EX-20260605T000000Z-mig-R202606050881EFD1_R20260605-088R010A10A2换仓延迟确认只读发现.md","","","","",,"E:\【笔记库】\量化研究库_V2.0.0\04_实验记录\EX-20260605T000000Z-mig-R202606050881EFD1_R20260605-088R010A10A2换仓延迟确认只读发现.md"
"EX-20260605T000000Z-mig-R202606050899F2EE_R20260605-089R010A10S1A2换仓延迟确认Default-OffShadow四分段验证.md","","","","",,"E:\【笔记库】\量化研究库_V2.0.0\04_实验记录\EX-20260605T000000Z-mig-R202606050899F2EE_R20260605-089R010A10S1A2换仓延迟确认Default-OffShadow四分段验证.md"
"EX-20260605T000000Z-mig-R202606050901D007_R20260605-090过热拥挤机制收益拖累总审计.md","","","","",,"E:\【笔记库】\量化研究库_V2.0.0\04_实验记录\EX-20260605T000000Z-mig-R202606050901D007_R20260605-090过热拥挤机制收益拖累总审计.md"
"EX-20260605T000000Z-mig-R2026060509171628_R20260605-091score大于5硬过滤合理性审计.md","","","","",,"E:\【笔记库】\量化研究库_V2.0.0\04_实验记录\EX-20260605T000000Z-mig-R2026060509171628_R20260605-091score大于5硬过滤合理性审计.md"
"EX-20260605T000000Z-mig-R202606050921DE42_R20260605-092顶刊文献启发过热拥挤判别研究计划.md","","","","",,"E:\【笔记库】\量化研究库_V2.0.0\04_实验记录\EX-20260605T000000Z-mig-R202606050921DE42_R20260605-092顶刊文献启发过热拥挤判别研究计划.md"
"EX-20260605T000000Z-mig-R20260605093A8E06_R20260605-0935到6分风险预算缩放研究计划.md","","","","",,"E:\【笔记库】\量化研究库_V2.0.0\04_实验记录\EX-20260605T000000Z-mig-R20260605093A8E06_R20260605-0935到6分风险预算缩放研究计划.md"
"EX-20260606T000758Z-main-VVVN_主题簇金融坏桶风险预算formal V2 AB预注册.md","","active","RD-20260605T131301Z-main-KC7N","",,"E:\【笔记库】\量化研究库_V2.0.0\04_实验记录\EX-20260606T000758Z-main-VVVN_主题簇金融坏桶风险预算formal V2 AB预注册.md"
"EX-20260606T012550Z-main-LM3D_动量评分尺度与Top4排名权重预注册.md","","active","RD-20260605T115651Z-main-CORE","",,"E:\【笔记库】\量化研究库_V2.0.0\04_实验记录\EX-20260606T012550Z-main-LM3D_动量评分尺度与Top4排名权重预注册.md"
"EX-20260606T021645Z-main-U7X2_A23 92_4_d09可见重跑与稳健性补证.md","","active","RD-20260605T133318Z-main-H6V3","",,"E:\【笔记库】\量化研究库_V2.0.0\04_实验记录\EX-20260606T021645Z-main-U7X2_A23 92_4_d09可见重跑与稳健性补证.md"
"EX-20260606T134047Z-main-HPHZ_五方向接手证据映射与首轮路线预注册.md","","active","RD-20260605T115651Z-main-DP00","",,"E:\【笔记库】\量化研究库_V2.0.0\04_实验记录\EX-20260606T134047Z-main-HPHZ_五方向接手证据映射与首轮路线预注册.md"
"EX-20260606T140753Z-main-WXMD_资产属性分层扩展诊断与负控.md","","active","RD-20260605T133318Z-main-H6V3","",,"E:\【笔记库】\量化研究库_V2.0.0\04_实验记录\EX-20260606T140753Z-main-WXMD_资产属性分层扩展诊断与负控.md"
"EX-20260607T111721Z-main-JQBL_避雷指南小市值源码复现与消融验证.md","","active","RD-20260603T000000Z-mig-HD5EEBAA8D5EEB","",,"E:\【笔记库】\量化研究库_V2.0.0\04_实验记录\EX-20260607T111721Z-main-JQBL_避雷指南小市值源码复现与消融验证.md"
"EX-20260605T115651Z-main-BASE_双池轮动基线资产盘点预注册.md","","completed","RD-20260605T115651Z-main-DP00","",,"E:\【笔记库】\量化研究库_V2.0.0\04_实验记录\EX-20260605T115651Z-main-BASE_双池轮动基线资产盘点预注册.md"
"EX-20260605T131309Z-main-QCVT_主题簇主线确认只读审计预注册.md","","completed","RD-20260605T131301Z-main-KC7N","",,"E:\【笔记库】\量化研究库_V2.0.0\04_实验记录\EX-20260605T131309Z-main-QCVT_主题簇主线确认只读审计预注册.md"
"EX-20260605T133336Z-main-DMB9_资产属性标签审计与hard5事件拆分.md","","completed","RD-20260605T133318Z-main-H6V3","",,"E:\【笔记库】\量化研究库_V2.0.0\04_实验记录\EX-20260605T133336Z-main-DMB9_资产属性标签审计与hard5事件拆分.md"
"EX-20260605T133336Z-main-MZJE_hard5内部next-best选择只读代理.md","","completed","RD-20260605T133318Z-main-H6V3","",,"E:\【笔记库】\量化研究库_V2.0.0\04_实验记录\EX-20260605T133336Z-main-MZJE_hard5内部next-best选择只读代理.md"
"EX-20260605T133336Z-main-UBVU_非金融高分放行关键窗口失败复核.md","","completed","RD-20260605T133318Z-main-H6V3","",,"E:\【笔记库】\量化研究库_V2.0.0\04_实验记录\EX-20260605T133336Z-main-UBVU_非金融高分放行关键窗口失败复核.md"
"EX-20260605T133436Z-main-TZ5W_主题簇主线确认Formal V2 Shadow预注册.md","","completed","RD-20260605T131301Z-main-KC7N","",,"E:\【笔记库】\量化研究库_V2.0.0\04_实验记录\EX-20260605T133436Z-main-TZ5W_主题簇主线确认Formal V2 Shadow预注册.md"
"EX-20260605T135028Z-main-76GD_score大于5过滤状态面板诊断.md","","completed","RD-20260605T133318Z-main-H6V3","",,"E:\【笔记库】\量化研究库_V2.0.0\04_实验记录\EX-20260605T135028Z-main-76GD_score大于5过滤状态面板诊断.md"
"EX-20260605T140100Z-main-B7VH_主题簇主线确认四段Shadow观察与订单隔离审计.md","","completed","RD-20260605T131301Z-main-KC7N","",,"E:\【笔记库】\量化研究库_V2.0.0\04_实验记录\EX-20260605T140100Z-main-B7VH_主题簇主线确认四段Shadow观察与订单隔离审计.md"
"EX-20260605T151211Z-main-JDPL_条件化score过热过滤formal V2关键窗口回测.md","","completed","RD-20260605T133318Z-main-H6V3","",,"E:\【笔记库】\量化研究库_V2.0.0\04_实验记录\EX-20260605T151211Z-main-JDPL_条件化score过热过滤formal V2关键窗口回测.md"
"EX-20260605T165020Z-main-Z5EP_A19 ret5延续高分放行关键窗口与稳定性回测.md","","completed","RD-20260605T133318Z-main-H6V3","",,"E:\【笔记库】\量化研究库_V2.0.0\04_实验记录\EX-20260605T165020Z-main-Z5EP_A19 ret5延续高分放行关键窗口与稳定性回测.md"
"EX-20260605T184943Z-main-Q3YU_A20-A21市场状态高分延续放行formal V2与路径依赖反证.md","","completed","RD-20260605T133318Z-main-H6V3","",,"E:\【笔记库】\量化研究库_V2.0.0\04_实验记录\EX-20260605T184943Z-main-Q3YU_A20-A21市场状态高分延续放行formal V2与路径依赖反证.md"
"EX-20260605T220429Z-main-EQFU_A22高分状态风险预算formal V2四段回测.md","","completed","RD-20260605T133318Z-main-H6V3","",,"E:\【笔记库】\量化研究库_V2.0.0\04_实验记录\EX-20260605T220429Z-main-EQFU_A22高分状态风险预算formal V2四段回测.md"
"EX-20260605T234635Z-main-CTRD_主题簇主线确认收益归因与负控预注册.md","","completed","RD-20260605T131301Z-main-KC7N","",,"E:\【笔记库】\量化研究库_V2.0.0\04_实验记录\EX-20260605T234635Z-main-CTRD_主题簇主线确认收益归因与负控预注册.md"
"EX-20260606T073600Z-main-R8M6_A23状态分层预算88_6探索四段回测.md","","completed","RD-20260605T133318Z-main-H6V3","",,"E:\【笔记库】\量化研究库_V2.0.0\04_实验记录\EX-20260606T073600Z-main-R8M6_A23状态分层预算88_6探索四段回测.md"
"EX-20260606T075615Z-main-LVV7_A23完整邻域与cap成本稳健性补证.md","","completed","RD-20260605T133318Z-main-H6V3","",,"E:\【笔记库】\量化研究库_V2.0.0\04_实验记录\EX-20260606T075615Z-main-LVV7_A23完整邻域与cap成本稳健性补证.md"
"EX-20260606T083100Z-main-D9QK_A23状态分层预算92_4_d09四段回测.md","","completed","RD-20260605T133318Z-main-H6V3","",,"E:\【笔记库】\量化研究库_V2.0.0\04_实验记录\EX-20260606T083100Z-main-D9QK_A23状态分层预算92_4_d09四段回测.md"
"EX-20260606T140752Z-main-TC8U_TopN抗抖换仓formal AB预注册.md","","completed","RD-20260605T115651Z-main-EXE0","",,"E:\【笔记库】\量化研究库_V2.0.0\04_实验记录\EX-20260606T140752Z-main-TC8U_TopN抗抖换仓formal AB预注册.md"
"EX-20260606T183604Z-main-7YDQ_动量崩盘状态只读归因与错位负控.md","","completed","RD-20260605T133318Z-main-H6V3","",,"E:\【笔记库】\量化研究库_V2.0.0\04_实验记录\EX-20260606T183604Z-main-7YDQ_动量崩盘状态只读归因与错位负控.md"
"EX-20260606T185537Z-main-5KZW_多周期动量确认formal AB预注册与资源阻塞记录.md","","completed","RD-20260605T115651Z-main-CORE","",,"E:\【笔记库】\量化研究库_V2.0.0\04_实验记录\EX-20260606T185537Z-main-5KZW_多周期动量确认formal AB预注册与资源阻塞记录.md"
"EX-20260606T191019Z-main-G4NN_波动率仓位管理旧证据复核与R010B5边界预注册.md","","completed","RD-20260605T115651Z-main-DEF0","",,"E:\【笔记库】\量化研究库_V2.0.0\04_实验记录\EX-20260606T191019Z-main-G4NN_波动率仓位管理旧证据复核与R010B5边界预注册.md"
"EX-20260606T191831Z-main-GWH9_R010B5与A23触发重叠拆分只读审计.md","","completed","RD-20260605T115651Z-main-DEF0","",,"E:\【笔记库】\量化研究库_V2.0.0\04_实验记录\EX-20260606T191831Z-main-GWH9_R010B5与A23触发重叠拆分只读审计.md"
"EX-20260606T193056Z-main-XA5G_R010B5静态平均仓位与非重合动作日归因只读审计.md","","completed","RD-20260605T115651Z-main-DEF0","",,"E:\【笔记库】\量化研究库_V2.0.0\04_实验记录\EX-20260606T193056Z-main-XA5G_R010B5静态平均仓位与非重合动作日归因只读审计.md"
"EX-20260606T194733Z-main-MFNT_市场级宽基动量崩盘只读面板预注册.md","","completed","RD-20260605T133318Z-main-H6V3","",,"E:\【笔记库】\量化研究库_V2.0.0\04_实验记录\EX-20260606T194733Z-main-MFNT_市场级宽基动量崩盘只读面板预注册.md"
"EX-20260606T200545Z-main-GCHV_资产状态交互只读负控复核.md","","completed","RD-20260605T133318Z-main-H6V3","",,"E:\【笔记库】\量化研究库_V2.0.0\04_实验记录\EX-20260606T200545Z-main-GCHV_资产状态交互只读负控复核.md"
"EX-20260606T201735Z-main-QK38_商品LOF尾部回撤放行formal AB预注册.md","","completed","RD-20260605T133318Z-main-H6V3","",,"E:\【笔记库】\量化研究库_V2.0.0\04_实验记录\EX-20260606T201735Z-main-QK38_商品LOF尾部回撤放行formal AB预注册.md"
"EX-20260607T024332Z-main-UC3P_变种小狮子涨停基因小市值完整验证.md","","completed","RD-20260603T000000Z-mig-HD5EEBAA8D5EEB","",,"E:\【笔记库】\量化研究库_V2.0.0\04_实验记录\EX-20260607T024332Z-main-UC3P_变种小狮子涨停基因小市值完整验证.md"
"EX-20260607T033527Z-main-UKVS_涨停基因小市值修复防线验证.md","","completed","RD-20260603T000000Z-mig-HD5EEBAA8D5EEB","",,"E:\【笔记库】\量化研究库_V2.0.0\04_实验记录\EX-20260607T033527Z-main-UKVS_涨停基因小市值修复防线验证.md"
"EX-20260607T035232Z-main-8QKX_涨停基因组合防线分钟级执行复核.md","","completed","RD-20260603T000000Z-mig-HD5EEBAA8D5EEB","",,"E:\【笔记库】\量化研究库_V2.0.0\04_实验记录\EX-20260607T035232Z-main-8QKX_涨停基因组合防线分钟级执行复核.md"
"EX-20260607T062555Z-main-VJDG_涨停基因组合防线TWAP执行修复验证.md","","completed","RD-20260603T000000Z-mig-HD5EEBAA8D5EEB","",,"E:\【笔记库】\量化研究库_V2.0.0\04_实验记录\EX-20260607T062555Z-main-VJDG_涨停基因组合防线TWAP执行修复验证.md"
"EX-20260607T073711Z-main-WS6K_微盘低价涨停保护轮动公开策略复现验证.md","","completed","RD-20260603T000000Z-mig-HD5EEBAA8D5EEB","",,"E:\【笔记库】\量化研究库_V2.0.0\04_实验记录\EX-20260607T073711Z-main-WS6K_微盘低价涨停保护轮动公开策略复现验证.md"
"EX-20260607T081421Z-main-S5D6_微盘市值篮子TWAP容量感知修复预注册.md","","completed","RD-20260603T000000Z-mig-HD5EEBAA8D5EEB","",,"E:\【笔记库】\量化研究库_V2.0.0\04_实验记录\EX-20260607T081421Z-main-S5D6_微盘市值篮子TWAP容量感知修复预注册.md"
"EX-20260607T083033Z-main-C35J_TopN抗抖切换延迟负控与2024归因.md","","completed","RD-20260605T115651Z-main-EXE0","",,"E:\【笔记库】\量化研究库_V2.0.0\04_实验记录\EX-20260607T083033Z-main-C35J_TopN抗抖切换延迟负控与2024归因.md"
"EX-20260607T085553Z-main-SPDR_无低价排序TWAP流动性过滤修复预注册.md","","completed","RD-20260603T000000Z-mig-HD5EEBAA8D5EEB","",,"E:\【笔记库】\量化研究库_V2.0.0\04_实验记录\EX-20260607T085553Z-main-SPDR_无低价排序TWAP流动性过滤修复预注册.md"
"EX-20260607T094505Z-main-2AM7_无低价排序分日建仓TWAP容量修复预注册.md","","completed","RD-20260603T000000Z-mig-HD5EEBAA8D5EEB","",,"E:\【笔记库】\量化研究库_V2.0.0\04_实验记录\EX-20260607T094505Z-main-2AM7_无低价排序分日建仓TWAP容量修复预注册.md"
"EX-20260607T101347Z-main-VX4J_A23事件归因与成本换手约束只读预注册.md","","completed","RD-20260605T133318Z-main-H6V3","",,"E:\【笔记库】\量化研究库_V2.0.0\04_实验记录\EX-20260607T101347Z-main-VX4J_A23事件归因与成本换手约束只读预注册.md"
"EX-20260607T103055Z-main-K3AC_A23同成本配对formal AB预注册.md","","completed","RD-20260605T133318Z-main-H6V3","",,"E:\【笔记库】\量化研究库_V2.0.0\04_实验记录\EX-20260607T103055Z-main-K3AC_A23同成本配对formal AB预注册.md"
"EX-20260607T131209Z-main-A22N_A22原生字段等价审计预注册.md","","completed","RD-20260605T133318Z-main-H6V3","",,"E:\【笔记库】\量化研究库_V2.0.0\04_实验记录\EX-20260607T131209Z-main-A22N_A22原生字段等价审计预注册.md"
"EX-20260607T131336Z-main-QXSS_A22原生字段与未来函数审计预注册.md","","completed","RD-20260605T133318Z-main-H6V3","",,"E:\【笔记库】\量化研究库_V2.0.0\04_实验记录\EX-20260607T131336Z-main-QXSS_A22原生字段与未来函数审计预注册.md"
"EX-20260607T152511Z-main-EKZ8_A22原生字段日志与未来函数二次审计.md","","completed","RD-20260605T133318Z-main-H6V3","",,"E:\【笔记库】\量化研究库_V2.0.0\04_实验记录\EX-20260607T152511Z-main-EKZ8_A22原生字段日志与未来函数二次审计.md"
"EX-20260607T154134Z-main-QTFV_A22原生forward shadow边界验证预注册.md","","completed","RD-20260605T133318Z-main-H6V3","",,"E:\【笔记库】\量化研究库_V2.0.0\04_实验记录\EX-20260607T154134Z-main-QTFV_A22原生forward shadow边界验证预注册.md"
"EX-20260607T190303Z-main-NR75_A22生产前默认关闭与未来函数静态门禁.md","","completed","RD-20260605T133318Z-main-H6V3","",,"E:\【笔记库】\量化研究库_V2.0.0\04_实验记录\EX-20260607T190303Z-main-NR75_A22生产前默认关闭与未来函数静态门禁.md"
"EX-20260607T192201Z-main-YA5R_A22默认关闭observe硬5路径隔离审计.md","","completed","RD-20260605T133318Z-main-H6V3","",,"E:\【笔记库】\量化研究库_V2.0.0\04_实验记录\EX-20260607T192201Z-main-YA5R_A22默认关闭observe硬5路径隔离审计.md"
"EX-20260607T215224Z-main-LWC4_A22默认关闭observe近端forward样本门禁.md","","completed","RD-20260605T133318Z-main-H6V3","",,"E:\【笔记库】\量化研究库_V2.0.0\04_实验记录\EX-20260607T215224Z-main-LWC4_A22默认关闭observe近端forward样本门禁.md"
